code,target,sigprice,gentime,usertag
CFFEX.IF.HOT,2,3227.8,20100420141000000,DT_EnterLong
CFFEX.IF.HOT,0,2684.2,20100608142500000,DT_ExitLong
CFFEX.IF.HOT,2,2732.6,20100609135000000,DT_EnterLong
CFFEX.IF.HOT,0,2768.4,20100610135000000,DT_ExitLong
CFFEX.IF.HOT,2,2758,20100621111500000,DT_EnterLong
CFFEX.IF.HOT,0,2765.2,20100623113000000,DT_ExitLong
CFFEX.IF.HOT,2,2796.2,20100624111000000,DT_EnterLong
CFFEX.IF.HOT,0,2742,20100628113000000,DT_ExitLong
CFFEX.IF.HOT,-2,2723.2,20100629104500000,DT_EnterShort
CFFEX.IF.HOT,0,2581.8,20100701104000000,DT_ExitShort
CFFEX.IF.HOT,-2,2550.8,20100701135000000,DT_EnterShort
CFFEX.IF.HOT,0,2547.6,20100702142000000,DT_ExitShort
CFFEX.IF.HOT,2,2540.8,20100705133000000,DT_EnterLong
CFFEX.IF.HOT,0,2862,20100730105000000,DT_ExitLong
CFFEX.IF.HOT,2,2908,20100802094000000,DT_EnterLong
CFFEX.IF.HOT,0,2908.6,20100803104000000,DT_ExitLong
CFFEX.IF.HOT,-2,2869.6,20100803145000000,DT_EnterShort
CFFEX.IF.HOT,0,2869.6,20100806113000000,DT_ExitShort
CFFEX.IF.HOT,2,2925,20100809105000000,DT_EnterLong
CFFEX.IF.HOT,0,2900.6,20100809112500000,DT_ExitLong
CFFEX.IF.HOT,-2,2886,20100810111500000,DT_EnterShort
CFFEX.IF.HOT,0,2866.8,20100812103500000,DT_ExitShort
CFFEX.IF.HOT,2,2842.2,20100813113000000,DT_EnterLong
CFFEX.IF.HOT,0,2898.6,20100823144000000,DT_ExitLong
CFFEX.IF.HOT,2,2889.2,20100826111500000,DT_EnterLong
CFFEX.IF.HOT,0,2885,20100901135000000,DT_ExitLong
CFFEX.IF.HOT,-2,2921.6,20100903112500000,DT_EnterShort
CFFEX.IF.HOT,0,2889,20100920113000000,DT_ExitShort
CFFEX.IF.HOT,2,2876,20100921111000000,DT_EnterLong
CFFEX.IF.HOT,0,2869.8,20100921113000000,DT_ExitLong
CFFEX.IF.HOT,2,2893.4,20100927103000000,DT_EnterLong
CFFEX.IF.HOT,0,2893.8,20100928112500000,DT_ExitLong
CFFEX.IF.HOT,2,2896.2,20100929100500000,DT_EnterLong
CFFEX.IF.HOT,0,3447.4,20101022143500000,DT_ExitLong
CFFEX.IF.HOT,2,3511.6,20101025105500000,DT_EnterLong
CFFEX.IF.HOT,0,3561.8,20101026135000000,DT_ExitLong
CFFEX.IF.HOT,-2,3468,20101029092000000,DT_EnterShort
CFFEX.IF.HOT,0,3602,20101105092000000,DT_ExitShort
CFFEX.IF.HOT,-2,3558,20101109094500000,DT_EnterShort
CFFEX.IF.HOT,0,3524.8,20101111092000000,DT_ExitShort
CFFEX.IF.HOT,-2,3536.6,20101111145500000,DT_EnterShort
CFFEX.IF.HOT,0,3191.8,20101119141500000,DT_ExitShort
CFFEX.IF.HOT,-2,3180.4,20101122142500000,DT_EnterShort
CFFEX.IF.HOT,0,3152,20101123141500000,DT_ExitShort
CFFEX.IF.HOT,2,3225,20101125105500000,DT_EnterLong
CFFEX.IF.HOT,0,3184.6,20101126134000000,DT_ExitLong
CFFEX.IF.HOT,-2,3181.4,20101129104500000,DT_EnterShort
CFFEX.IF.HOT,0,3224.4,20101129135500000,DT_ExitShort
CFFEX.IF.HOT,-2,3167.8,20101130104500000,DT_EnterShort
CFFEX.IF.HOT,0,3204.8,20101202092000000,DT_ExitShort
CFFEX.IF.HOT,-2,3176.8,20101202142000000,DT_EnterShort
CFFEX.IF.HOT,0,3172.8,20101203111000000,DT_ExitShort
CFFEX.IF.HOT,-2,3143.8,20101207092000000,DT_EnterShort
CFFEX.IF.HOT,0,3160,20101210135500000,DT_ExitShort
CFFEX.IF.HOT,2,3176.6,20101210140000000,DT_EnterLong
CFFEX.IF.HOT,0,3264,20101215103500000,DT_ExitLong
CFFEX.IF.HOT,-2,3262.4,20101215104000000,DT_EnterShort
CFFEX.IF.HOT,0,3296.4,20101220092000000,DT_ExitShort
CFFEX.IF.HOT,2,3243,20101221113000000,DT_EnterLong
CFFEX.IF.HOT,0,3268,20101222133500000,DT_ExitLong
CFFEX.IF.HOT,-2,3244,20101222134000000,DT_EnterShort
CFFEX.IF.HOT,0,3259,20101223132500000,DT_ExitShort
CFFEX.IF.HOT,-2,3059,20101230110000000,DT_EnterShort
CFFEX.IF.HOT,0,3218.2,20110106094000000,DT_ExitShort
CFFEX.IF.HOT,2,3184.8,20110107104000000,DT_EnterLong
CFFEX.IF.HOT,0,3162.6,20110110112500000,DT_ExitLong
CFFEX.IF.HOT,2,2993.6,20110119105500000,DT_EnterLong
CFFEX.IF.HOT,0,2976.2,20110124110000000,DT_ExitLong
CFFEX.IF.HOT,2,2995.6,20110126140000000,DT_EnterLong
CFFEX.IF.HOT,0,2966.4,20110127092000000,DT_ExitLong
CFFEX.IF.HOT,-2,3021.2,20110128105000000,DT_EnterShort
CFFEX.IF.HOT,0,3086.8,20110209092000000,DT_ExitShort
CFFEX.IF.HOT,-2,3059.8,20110209092500000,DT_EnterShort
CFFEX.IF.HOT,0,3072,20110210105500000,DT_ExitShort
CFFEX.IF.HOT,-2,3243.2,20110217110500000,DT_EnterShort
CFFEX.IF.HOT,0,3243,20110218135000000,DT_ExitShort
CFFEX.IF.HOT,-2,3169.4,20110223142500000,DT_EnterShort
CFFEX.IF.HOT,0,3229,20110225112000000,DT_ExitShort
CFFEX.IF.HOT,-2,3192.6,20110228095000000,DT_EnterShort
CFFEX.IF.HOT,0,3252.6,20110304133500000,DT_ExitShort
CFFEX.IF.HOT,2,3287.8,20110304142500000,DT_EnterLong
CFFEX.IF.HOT,0,3333.2,20110308112000000,DT_ExitLong
CFFEX.IF.HOT,-2,3323.6,20110308141000000,DT_EnterShort
CFFEX.IF.HOT,0,3252,20110321092500000,DT_ExitShort
CFFEX.IF.HOT,-2,3185.2,20110322101000000,DT_EnterShort
CFFEX.IF.HOT,0,3287,20110325100500000,DT_ExitShort
CFFEX.IF.HOT,2,3327.8,20110408095500000,DT_EnterLong
CFFEX.IF.HOT,0,3368,20110414134500000,DT_ExitLong
CFFEX.IF.HOT,-2,3360.4,20110414142500000,DT_EnterShort
CFFEX.IF.HOT,0,3379.2,20110415095000000,DT_ExitShort
CFFEX.IF.HOT,-2,3308.8,20110420131500000,DT_EnterShort
CFFEX.IF.HOT,0,3331.4,20110422102000000,DT_ExitShort
CFFEX.IF.HOT,-2,3306.2,20110422133000000,DT_EnterShort
CFFEX.IF.HOT,0,3148.2,20110510102500000,DT_ExitShort
CFFEX.IF.HOT,-2,3007.6,20110525093000000,DT_EnterShort
CFFEX.IF.HOT,0,2993.8,20110531140000000,DT_ExitShort
CFFEX.IF.HOT,-2,2975,20110607092000000,DT_EnterShort
CFFEX.IF.HOT,0,2998,20110607142000000,DT_ExitShort
CFFEX.IF.HOT,-2,2965,20110608100500000,DT_EnterShort
CFFEX.IF.HOT,0,2943,20110613135500000,DT_ExitShort
CFFEX.IF.HOT,-2,2979.2,20110615111000000,DT_EnterShort
CFFEX.IF.HOT,0,2885.6,20110620142000000,DT_ExitShort
CFFEX.IF.HOT,-2,3041,20110627105000000,DT_EnterShort
CFFEX.IF.HOT,0,3081.8,20110704092000000,DT_ExitShort
CFFEX.IF.HOT,-2,3106.4,20110706094000000,DT_EnterShort
CFFEX.IF.HOT,0,3139.8,20110707092000000,DT_ExitShort
CFFEX.IF.HOT,2,3128,20110708111000000,DT_EnterLong
CFFEX.IF.HOT,0,3100.4,20110711092000000,DT_ExitLong
CFFEX.IF.HOT,-2,3073.4,20110721142500000,DT_EnterShort
CFFEX.IF.HOT,0,2986.4,20110728145000000,DT_ExitShort
CFFEX.IF.HOT,2,2993.6,20110729141000000,DT_EnterLong
CFFEX.IF.HOT,0,2981.6,20110801140500000,DT_ExitLong
CFFEX.IF.HOT,-2,2960,20110802092000000,DT_EnterShort
CFFEX.IF.HOT,0,2949.4,20110802142000000,DT_ExitShort
CFFEX.IF.HOT,-2,2883.2,20110805092000000,DT_EnterShort
CFFEX.IF.HOT,0,2889.8,20110815133000000,DT_ExitShort
CFFEX.IF.HOT,2,2901.6,20110817092000000,DT_EnterLong
CFFEX.IF.HOT,0,2835.4,20110901112000000,DT_ExitLong
CFFEX.IF.HOT,-2,2819,20110902101000000,DT_EnterShort
CFFEX.IF.HOT,0,2762,20110907112000000,DT_ExitShort
CFFEX.IF.HOT,2,2786,20110908140000000,DT_EnterLong
CFFEX.IF.HOT,0,2766.4,20110908142000000,DT_ExitLong
CFFEX.IF.HOT,2,2790.6,20110909093000000,DT_EnterLong
CFFEX.IF.HOT,0,2682,20110919144000000,DT_ExitLong
CFFEX.IF.HOT,2,2686.6,20110920113000000,DT_EnterLong
CFFEX.IF.HOT,0,2593.4,20110930105000000,DT_ExitLong
CFFEX.IF.HOT,2,2593.2,20111012101500000,DT_EnterLong
CFFEX.IF.HOT,0,2582.6,20111019113000000,DT_ExitLong
CFFEX.IF.HOT,2,2528.4,20111020143000000,DT_EnterLong
CFFEX.IF.HOT,0,2736.8,20111108101000000,DT_ExitLong
CFFEX.IF.HOT,2,2761,20111109094500000,DT_EnterLong
CFFEX.IF.HOT,0,2747.2,20111109095000000,DT_ExitLong
CFFEX.IF.HOT,2,2690,20111117134500000,DT_EnterLong
CFFEX.IF.HOT,0,2592,20111122112500000,DT_ExitLong
CFFEX.IF.HOT,-2,2596.2,20111123102000000,DT_EnterShort
CFFEX.IF.HOT,0,2560.2,20111208113000000,DT_ExitShort
CFFEX.IF.HOT,-2,2495.6,20111212092000000,DT_EnterShort
CFFEX.IF.HOT,0,2435.4,20111214112500000,DT_ExitShort
CFFEX.IF.HOT,-2,2355,20111216133500000,DT_EnterShort
CFFEX.IF.HOT,0,2372.8,20111216141500000,DT_ExitShort
CFFEX.IF.HOT,2,2394.6,20111216143000000,DT_EnterLong
CFFEX.IF.HOT,0,2478.6,20120130094000000,DT_ExitLong
CFFEX.IF.HOT,2,2476.4,20120201100500000,DT_EnterLong
CFFEX.IF.HOT,0,2678,20120314134000000,DT_ExitLong
CFFEX.IF.HOT,-2,2600.2,20120316113000000,DT_EnterShort
CFFEX.IF.HOT,0,2464.6,20120329135500000,DT_ExitShort
CFFEX.IF.HOT,-2,2455.8,20120330104500000,DT_EnterShort
CFFEX.IF.HOT,0,2449.4,20120405092000000,DT_ExitShort
CFFEX.IF.HOT,-2,2506.4,20120406141000000,DT_EnterShort
CFFEX.IF.HOT,0,2547.6,20120412131500000,DT_ExitShort
CFFEX.IF.HOT,2,2584.6,20120416133500000,DT_EnterLong
CFFEX.IF.HOT,0,2603.4,20120419112500000,DT_ExitLong
CFFEX.IF.HOT,2,2616.6,20120420094500000,DT_EnterLong
CFFEX.IF.HOT,0,2686.2,20120504104000000,DT_ExitLong
CFFEX.IF.HOT,-2,2703.4,20120507133000000,DT_EnterShort
CFFEX.IF.HOT,0,2663,20120511102000000,DT_ExitShort
CFFEX.IF.HOT,-2,2622,20120514100000000,DT_EnterShort
CFFEX.IF.HOT,0,2595,20120521112000000,DT_ExitShort
CFFEX.IF.HOT,-2,2585.4,20120523113000000,DT_EnterShort
CFFEX.IF.HOT,0,2574.4,20120528113000000,DT_ExitShort
CFFEX.IF.HOT,2,2649.4,20120601093500000,DT_EnterLong
CFFEX.IF.HOT,0,2523.6,20120608093500000,DT_ExitLong
CFFEX.IF.HOT,2,2548.6,20120612133000000,DT_EnterLong
CFFEX.IF.HOT,0,2462,20120705092000000,DT_ExitLong
CFFEX.IF.HOT,-2,2454.2,20120705092500000,DT_EnterShort
CFFEX.IF.HOT,0,2447.2,20120705141500000,DT_ExitShort
CFFEX.IF.HOT,2,2448.2,20120706092000000,DT_EnterLong
CFFEX.IF.HOT,0,2442,20120709140500000,DT_ExitLong
CFFEX.IF.HOT,2,2427,20120710111000000,DT_EnterLong
CFFEX.IF.HOT,0,2391.8,20120809093500000,DT_ExitLong
CFFEX.IF.HOT,-2,2386.6,20120809101000000,DT_EnterShort
CFFEX.IF.HOT,0,2404.2,20120809113000000,DT_ExitShort
CFFEX.IF.HOT,-2,2402.2,20120813092000000,DT_EnterShort
CFFEX.IF.HOT,0,2349.2,20120815140000000,DT_ExitShort
CFFEX.IF.HOT,-2,2310.2,20120820092000000,DT_EnterShort
CFFEX.IF.HOT,0,2316,20120820143000000,DT_ExitShort
CFFEX.IF.HOT,2,2322.2,20120820143500000,DT_EnterLong
CFFEX.IF.HOT,0,2285.6,20120827092000000,DT_ExitLong
CFFEX.IF.HOT,2,2263,20120828134500000,DT_EnterLong
CFFEX.IF.HOT,0,2208.2,20120903092000000,DT_ExitLong
CFFEX.IF.HOT,-2,2227.8,20120904112500000,DT_EnterShort
CFFEX.IF.HOT,0,2215.4,20120906092000000,DT_ExitShort
CFFEX.IF.HOT,2,2345.2,20120912092000000,DT_EnterLong
CFFEX.IF.HOT,0,2332.2,20121022092000000,DT_ExitLong
CFFEX.IF.HOT,2,2345.6,20121022132500000,DT_EnterLong
CFFEX.IF.HOT,0,2338.6,20121023110500000,DT_ExitLong
CFFEX.IF.HOT,2,2254.2,20121030104000000,DT_EnterLong
CFFEX.IF.HOT,0,2286.4,20121106101500000,DT_ExitLong
CFFEX.IF.HOT,2,2219,20121114135000000,DT_EnterLong
CFFEX.IF.HOT,0,2176.6,20121122134000000,DT_ExitLong
CFFEX.IF.HOT,-2,2191.8,20121126092000000,DT_EnterShort
CFFEX.IF.HOT,0,2191.2,20121205102000000,DT_ExitShort
CFFEX.IF.HOT,2,2219.2,20121207095500000,DT_EnterLong
CFFEX.IF.HOT,0,2259.6,20121213092000000,DT_ExitLong
CFFEX.IF.HOT,2,2278.8,20121214095500000,DT_EnterLong
CFFEX.IF.HOT,0,2366.8,20121220130500000,DT_ExitLong
CFFEX.IF.HOT,2,2390.4,20121220140500000,DT_EnterLong
CFFEX.IF.HOT,0,2516,20130108100000000,DT_ExitLong
CFFEX.IF.HOT,-2,2513.6,20130109140500000,DT_EnterShort
CFFEX.IF.HOT,0,2603.4,20130115141500000,DT_ExitShort
CFFEX.IF.HOT,-2,2575.8,20130116132000000,DT_EnterShort
CFFEX.IF.HOT,0,2639.4,20130124100500000,DT_ExitShort
CFFEX.IF.HOT,2,2623.8,20130128095000000,DT_EnterLong
CFFEX.IF.HOT,0,2682.4,20130201103500000,DT_ExitLong
CFFEX.IF.HOT,2,2808.4,20130206140500000,DT_EnterLong
CFFEX.IF.HOT,0,2796,20130206144000000,DT_ExitLong
CFFEX.IF.HOT,-2,2779.8,20130207100000000,DT_EnterShort
CFFEX.IF.HOT,0,2639,20130225094000000,DT_ExitShort
CFFEX.IF.HOT,2,2598.6,20130227141000000,DT_EnterLong
CFFEX.IF.HOT,0,2633.2,20130301131500000,DT_ExitLong
CFFEX.IF.HOT,-2,2591.4,20130311092000000,DT_EnterShort
CFFEX.IF.HOT,0,2619.8,20130312101000000,DT_ExitShort
CFFEX.IF.HOT,2,2536.8,20130315102000000,DT_EnterLong
CFFEX.IF.HOT,0,2544.2,20130328092000000,DT_ExitLong
CFFEX.IF.HOT,2,2513.6,20130329092000000,DT_EnterLong
CFFEX.IF.HOT,0,2494.6,20130329112500000,DT_ExitLong
CFFEX.IF.HOT,2,2509.8,20130401111000000,DT_EnterLong
CFFEX.IF.HOT,0,2517,20130423093500000,DT_ExitLong
CFFEX.IF.HOT,2,2459.2,20130424112000000,DT_EnterLong
CFFEX.IF.HOT,0,2437.8,20130426143500000,DT_ExitLong
CFFEX.IF.HOT,2,2458,20130503092000000,DT_EnterLong
CFFEX.IF.HOT,0,2486.4,20130514095500000,DT_ExitLong
CFFEX.IF.HOT,-2,2461,20130516093000000,DT_EnterShort
CFFEX.IF.HOT,0,2483,20130516095000000,DT_ExitShort
CFFEX.IF.HOT,2,2485.4,20130516095500000,DT_EnterLong
CFFEX.IF.HOT,0,2584.4,20130521111000000,DT_ExitLong
CFFEX.IF.HOT,-2,2568.6,20130528093500000,DT_EnterShort
CFFEX.IF.HOT,0,2584,20130528094000000,DT_ExitShort
CFFEX.IF.HOT,2,2561.8,20130605105500000,DT_EnterLong
CFFEX.IF.HOT,0,2507.8,20130607112500000,DT_ExitLong
CFFEX.IF.HOT,-2,2374,20130613135500000,DT_EnterShort
CFFEX.IF.HOT,0,2399.8,20130614110500000,DT_ExitShort
CFFEX.IF.HOT,2,2414.2,20130617092000000,DT_EnterLong
CFFEX.IF.HOT,0,2397,20130617094000000,DT_ExitLong
CFFEX.IF.HOT,-2,2394.8,20130618110500000,DT_EnterShort
CFFEX.IF.HOT,0,2126,20130710092000000,DT_ExitShort
CFFEX.IF.HOT,-2,2282.8,20130712135500000,DT_EnterShort
CFFEX.IF.HOT,0,2317.6,20130717101500000,DT_ExitShort
CFFEX.IF.HOT,-2,2219.6,20130719100000000,DT_EnterShort
CFFEX.IF.HOT,0,2209.2,20130723095000000,DT_ExitShort
CFFEX.IF.HOT,-2,2213.8,20130724102500000,DT_EnterShort
CFFEX.IF.HOT,0,2191,20130730110000000,DT_ExitShort
CFFEX.IF.HOT,2,2206.6,20130731093500000,DT_EnterLong
CFFEX.IF.HOT,0,2247.6,20130809112500000,DT_ExitLong
CFFEX.IF.HOT,2,2364.2,20130816111000000,DT_EnterLong
CFFEX.IF.HOT,0,2293.6,20130821100500000,DT_ExitLong
CFFEX.IF.HOT,2,2320.4,20130822095000000,DT_EnterLong
CFFEX.IF.HOT,0,2302.8,20130828100000000,DT_ExitLong
CFFEX.IF.HOT,-2,2335.6,20130905100000000,DT_EnterShort
CFFEX.IF.HOT,0,2348.4,20130906094000000,DT_ExitShort
CFFEX.IF.HOT,2,2463,20130910145000000,DT_EnterLong
CFFEX.IF.HOT,0,2418.4,20130918112000000,DT_ExitLong
CFFEX.IF.HOT,2,2449.6,20130925095000000,DT_EnterLong
CFFEX.IF.HOT,0,2397.8,20131008092500000,DT_ExitLong
CFFEX.IF.HOT,-2,2459,20131015110000000,DT_EnterShort
CFFEX.IF.HOT,0,2431.8,20131021110000000,DT_ExitShort
CFFEX.IF.HOT,2,2416.8,20131024095000000,DT_EnterLong
CFFEX.IF.HOT,0,2387.4,20131025110000000,DT_ExitLong
CFFEX.IF.HOT,2,2393.2,20131101141000000,DT_EnterLong
CFFEX.IF.HOT,0,2370.4,20131105092000000,DT_ExitLong
CFFEX.IF.HOT,2,2309.4,20131115092000000,DT_EnterLong
CFFEX.IF.HOT,0,2385.8,20131125092000000,DT_ExitLong
CFFEX.IF.HOT,-2,2387.8,20131126110000000,DT_EnterShort
CFFEX.IF.HOT,0,2393.6,20131127092000000,DT_ExitShort
CFFEX.IF.HOT,2,2425.4,20131127110500000,DT_EnterLong
CFFEX.IF.HOT,0,2445.4,20131202092000000,DT_ExitLong
CFFEX.IF.HOT,-2,2415.2,20131202110500000,DT_EnterShort
CFFEX.IF.HOT,0,2482,20131209093000000,DT_ExitShort
CFFEX.IF.HOT,2,2464.2,20131210092000000,DT_EnterLong
CFFEX.IF.HOT,0,2392.2,20131213092000000,DT_ExitLong
CFFEX.IF.HOT,2,2421.8,20131216092000000,DT_EnterLong
CFFEX.IF.HOT,0,2310.6,20131231092000000,DT_ExitLong
CFFEX.IF.HOT,2,2326.2,20131231094000000,DT_EnterLong
CFFEX.IF.HOT,0,2264.8,20140106093500000,DT_ExitLong
CFFEX.IF.HOT,-2,2225.4,20140107092000000,DT_EnterShort
CFFEX.IF.HOT,0,2257.6,20140108094500000,DT_ExitShort
CFFEX.IF.HOT,2,2247.4,20140109093500000,DT_EnterLong
CFFEX.IF.HOT,0,2226.4,20140130094000000,DT_ExitLong
CFFEX.IF.HOT,2,2270.8,20140211103000000,DT_EnterLong
CFFEX.IF.HOT,0,2310.8,20140218092000000,DT_ExitLong
CFFEX.IF.HOT,-2,2286,20140218141000000,DT_EnterShort
CFFEX.IF.HOT,0,2293.4,20140219111500000,DT_ExitShort
CFFEX.IF.HOT,-2,2231.6,20140224092000000,DT_EnterShort
CFFEX.IF.HOT,0,2094.8,20140311110000000,DT_ExitShort
CFFEX.IF.HOT,2,2101.8,20140313092000000,DT_EnterLong
CFFEX.IF.HOT,0,2144.4,20140326140500000,DT_ExitLong
CFFEX.IF.HOT,2,2166.8,20140401113000000,DT_EnterLong
CFFEX.IF.HOT,0,2269.6,20140415092000000,DT_ExitLong
CFFEX.IF.HOT,2,2217,20140418092000000,DT_EnterLong
CFFEX.IF.HOT,0,2205.8,20140418093000000,DT_ExitLong
CFFEX.IF.HOT,2,2192.4,20140425092000000,DT_EnterLong
CFFEX.IF.HOT,0,2142.2,20140505092000000,DT_ExitLong
CFFEX.IF.HOT,2,2163.4,20140505143000000,DT_EnterLong
CFFEX.IF.HOT,0,2139,20140507130500000,DT_ExitLong
CFFEX.IF.HOT,-2,2148.4,20140515110500000,DT_EnterShort
CFFEX.IF.HOT,0,2103,20140519141500000,DT_ExitShort
CFFEX.IF.HOT,2,2102.8,20140521095000000,DT_EnterLong
CFFEX.IF.HOT,0,2139.8,20140527143500000,DT_ExitLong
CFFEX.IF.HOT,-2,2131.6,20140528093000000,DT_EnterShort
CFFEX.IF.HOT,0,2134,20140605141000000,DT_ExitShort
CFFEX.IF.HOT,-2,2151.6,20140611111500000,DT_EnterShort
CFFEX.IF.HOT,0,2184.4,20140616131500000,DT_ExitShort
CFFEX.IF.HOT,2,2190.8,20140616132000000,DT_EnterLong
CFFEX.IF.HOT,0,2156,20140619095500000,DT_ExitLong
CFFEX.IF.HOT,2,2137.8,20140620132000000,DT_EnterLong
CFFEX.IF.HOT,0,2155.2,20140708101000000,DT_ExitLong
CFFEX.IF.HOT,-2,2142.4,20140709140500000,DT_EnterShort
CFFEX.IF.HOT,0,2172,20140716094500000,DT_ExitShort
CFFEX.IF.HOT,-2,2158.4,20140717093000000,DT_EnterShort
CFFEX.IF.HOT,0,2193.6,20140722111000000,DT_ExitShort
CFFEX.IF.HOT,2,2255,20140725143000000,DT_EnterLong
CFFEX.IF.HOT,0,2349.8,20140807095500000,DT_ExitLong
CFFEX.IF.HOT,-2,2355.4,20140821095000000,DT_EnterShort
CFFEX.IF.HOT,0,2372,20140822144000000,DT_ExitShort
CFFEX.IF.HOT,-2,2333,20140828105500000,DT_EnterShort
CFFEX.IF.HOT,0,2347.2,20140829142500000,DT_ExitShort
CFFEX.IF.HOT,2,2421.8,20140904113000000,DT_EnterLong
CFFEX.IF.HOT,0,2402,20140916142000000,DT_ExitLong
CFFEX.IF.HOT,2,2418.6,20140918110000000,DT_EnterLong
CFFEX.IF.HOT,0,2458.6,20140925141000000,DT_ExitLong
CFFEX.IF.HOT,-2,2443,20140929135500000,DT_EnterShort
CFFEX.IF.HOT,0,2458.2,20141021095500000,DT_ExitShort
CFFEX.IF.HOT,2,2449,20141029113000000,DT_EnterLong
CFFEX.IF.HOT,0,2509.2,20141103140500000,DT_ExitLong
CFFEX.IF.HOT,2,2521,20141105092000000,DT_EnterLong
CFFEX.IF.HOT,0,2509.4,20141105094500000,DT_ExitLong
CFFEX.IF.HOT,-2,2553.6,20141114140500000,DT_EnterShort
CFFEX.IF.HOT,0,2559.6,20141121110500000,DT_ExitShort
CFFEX.IF.HOT,2,2777.6,20141128140500000,DT_EnterLong
CFFEX.IF.HOT,0,3056.6,20141209145500000,DT_ExitLong
CFFEX.IF.HOT,-2,3181.8,20141215095500000,DT_EnterShort
CFFEX.IF.HOT,0,3637.8,20150105113000000,DT_ExitShort
CFFEX.IF.HOT,-2,3632.2,20150107133500000,DT_EnterShort
CFFEX.IF.HOT,0,3543.2,20150112142000000,DT_ExitShort
CFFEX.IF.HOT,2,3538.2,20150115103000000,DT_EnterLong
CFFEX.IF.HOT,0,3470.4,20150119092000000,DT_ExitLong
CFFEX.IF.HOT,-2,3506.8,20150213143000000,DT_EnterShort
CFFEX.IF.HOT,0,3525.6,20150216135000000,DT_ExitShort
CFFEX.IF.HOT,-2,3552.8,20150217140000000,DT_EnterShort
CFFEX.IF.HOT,0,3560.4,20150310133500000,DT_ExitShort
CFFEX.IF.HOT,2,3541.4,20150311092000000,DT_EnterLong
CFFEX.IF.HOT,0,3843.2,20150319140000000,DT_ExitLong
CFFEX.IF.HOT,-2,3863.4,20150320112000000,DT_EnterShort
CFFEX.IF.HOT,0,4646.2,20150417142500000,DT_ExitShort
CFFEX.IF.HOT,2,4641.2,20150420092000000,DT_EnterLong
CFFEX.IF.HOT,0,4710.2,20150423141500000,DT_ExitLong
CFFEX.IF.HOT,-2,4667.4,20150424110500000,DT_EnterShort
CFFEX.IF.HOT,0,4808.4,20150430092000000,DT_ExitShort
CFFEX.IF.HOT,-2,4727.4,20150504094000000,DT_EnterShort
CFFEX.IF.HOT,0,5318.6,20150611110500000,DT_ExitShort
CFFEX.IF.HOT,-2,5266.4,20150611111000000,DT_EnterShort
CFFEX.IF.HOT,0,3913.6,20150716095500000,DT_ExitShort
CFFEX.IF.HOT,-2,3928.8,20150722111000000,DT_EnterShort
CFFEX.IF.HOT,0,3711.8,20150728140500000,DT_ExitShort
CFFEX.IF.HOT,2,3690.6,20150731112000000,DT_EnterLong
CFFEX.IF.HOT,0,4005.8,20150811143000000,DT_ExitLong
CFFEX.IF.HOT,-2,3981,20150812111500000,DT_EnterShort
CFFEX.IF.HOT,0,4000.4,20150813092000000,DT_ExitShort
CFFEX.IF.HOT,-2,3957.6,20150813110000000,DT_EnterShort
CFFEX.IF.HOT,0,4011.8,20150817140000000,DT_ExitShort
CFFEX.IF.HOT,-2,2999.2,20150825092000000,DT_EnterShort
CFFEX.IF.HOT,0,3279.4,20150908143000000,DT_ExitShort
CFFEX.IF.HOT,2,3263.6,20150922142500000,DT_EnterLong
CFFEX.IF.HOT,0,3122,20150925110500000,DT_ExitLong
CFFEX.IF.HOT,2,3290.6,20151008092000000,DT_EnterLong
CFFEX.IF.HOT,0,3396.2,20151014092000000,DT_ExitLong
CFFEX.IF.HOT,-2,3384,20151014143500000,DT_EnterShort
CFFEX.IF.HOT,0,3423.8,20151020145500000,DT_ExitShort
CFFEX.IF.HOT,-2,3378.2,20151103144000000,DT_EnterShort
CFFEX.IF.HOT,0,3784.2,20151111142500000,DT_ExitShort
CFFEX.IF.HOT,-2,3638.8,20151123092000000,DT_EnterShort
CFFEX.IF.HOT,0,3672.8,20151125132000000,DT_ExitShort
CFFEX.IF.HOT,2,3506,20151201132500000,DT_EnterLong
CFFEX.IF.HOT,0,3566,20151210144000000,DT_ExitLong
CFFEX.IF.HOT,-2,3691.2,20151218143500000,DT_EnterShort
CFFEX.IF.HOT,0,3685.6,20151229140000000,DT_ExitShort
CFFEX.IF.HOT,-2,3334.2,20160107094000000,DT_EnterShort
CFFEX.IF.HOT,0,3245.2,20160107140000000,DT_ExitShort
CFFEX.IF.HOT,2,3245.2,20160107140500000,DT_EnterLong
CFFEX.IF.HOT,0,3245.2,20160107141000000,DT_ExitLong
CFFEX.IF.HOT,2,3245.2,20160107141500000,DT_EnterLong
CFFEX.IF.HOT,0,3245.2,20160107142000000,DT_ExitLong
CFFEX.IF.HOT,2,3245.2,20160107142500000,DT_EnterLong
CFFEX.IF.HOT,0,3245.2,20160107143000000,DT_ExitLong
CFFEX.IF.HOT,2,3245.2,20160107143500000,DT_EnterLong
CFFEX.IF.HOT,0,3245.2,20160107144000000,DT_ExitLong
CFFEX.IF.HOT,2,3245.2,20160107144500000,DT_EnterLong
CFFEX.IF.HOT,0,3245.2,20160107145000000,DT_ExitLong
CFFEX.IF.HOT,2,3245.2,20160107145500000,DT_EnterLong
CFFEX.IF.HOT,0,3245.2,20160107150000000,DT_ExitLong
CFFEX.IF.HOT,2,3325,20160108093500000,DT_EnterLong
CFFEX.IF.HOT,0,3220.6,20160111132000000,DT_ExitLong
CFFEX.IF.HOT,-2,3153,20160113143000000,DT_EnterShort
CFFEX.IF.HOT,0,3092,20160119112500000,DT_ExitShort
CFFEX.IF.HOT,2,2868.6,20160127142000000,DT_EnterLong
CFFEX.IF.HOT,0,2822,20160229094000000,DT_ExitLong
CFFEX.IF.HOT,2,3021.2,20160304093500000,DT_EnterLong
CFFEX.IF.HOT,0,3011.4,20160304110000000,DT_ExitLong
CFFEX.IF.HOT,-2,3013,20160304112000000,DT_EnterShort
CFFEX.IF.HOT,0,3025.6,20160304132500000,DT_ExitShort
CFFEX.IF.HOT,-2,3021,20160308094000000,DT_EnterShort
CFFEX.IF.HOT,0,3050.2,20160310093500000,DT_ExitShort
CFFEX.IF.HOT,-2,2983.2,20160310144500000,DT_EnterShort
CFFEX.IF.HOT,0,3045,20160315141500000,DT_ExitShort
CFFEX.IF.HOT,-2,3191.8,20160323100000000,DT_EnterShort
CFFEX.IF.HOT,0,3192.2,20160328093500000,DT_ExitShort
CFFEX.IF.HOT,-2,3110.2,20160329113000000,DT_EnterShort
CFFEX.IF.HOT,0,3165,20160421140000000,DT_ExitShort
CFFEX.IF.HOT,2,3147,20160426093500000,DT_EnterLong
CFFEX.IF.HOT,0,3131.8,20160427140000000,DT_ExitLong
CFFEX.IF.HOT,-2,3114.6,20160428094000000,DT_EnterShort
CFFEX.IF.HOT,0,3128.2,20160429094000000,DT_ExitShort
CFFEX.IF.HOT,2,3132,20160503093500000,DT_EnterLong
CFFEX.IF.HOT,0,3117,20160503094000000,DT_ExitLong
CFFEX.IF.HOT,2,3133.2,20160503094500000,DT_EnterLong
CFFEX.IF.HOT,0,3030.2,20160509144000000,DT_ExitLong
CFFEX.IF.HOT,-2,3022,20160509150000000,DT_EnterShort
CFFEX.IF.HOT,0,3088.4,20160513095500000,DT_ExitShort
CFFEX.IF.HOT,-2,3045.4,20160516095500000,DT_EnterShort
CFFEX.IF.HOT,0,3097.2,20160517140500000,DT_ExitShort
CFFEX.IF.HOT,2,3059,20160523093500000,DT_EnterLong
CFFEX.IF.HOT,0,3006,20160530093500000,DT_ExitLong
CFFEX.IF.HOT,2,3113.4,20160531095000000,DT_EnterLong
CFFEX.IF.HOT,0,3114,20160531104500000,DT_ExitLong
CFFEX.IF.HOT,2,3138.4,20160602093500000,DT_EnterLong
CFFEX.IF.HOT,0,3140.6,20160603093500000,DT_ExitLong
CFFEX.IF.HOT,2,3155,20160603131000000,DT_EnterLong
CFFEX.IF.HOT,0,3147,20160608093500000,DT_ExitLong
CFFEX.IF.HOT,-2,3106,20160613093500000,DT_EnterShort
CFFEX.IF.HOT,0,3048,20160615093500000,DT_ExitShort
CFFEX.IF.HOT,2,3091.8,20160621100000000,DT_EnterLong
CFFEX.IF.HOT,0,2993.8,20160624130500000,DT_ExitLong
CFFEX.IF.HOT,2,3128,20160701093500000,DT_EnterLong
CFFEX.IF.HOT,0,3165,20160706093500000,DT_ExitLong
CFFEX.IF.HOT,-2,3177,20160707093500000,DT_EnterShort
CFFEX.IF.HOT,0,3180.2,20160708141000000,DT_ExitShort
CFFEX.IF.HOT,2,3197.8,20160711093500000,DT_EnterLong
CFFEX.IF.HOT,0,3230,20160714142000000,DT_ExitLong
CFFEX.IF.HOT,-2,3243.4,20160715093500000,DT_EnterShort
CFFEX.IF.HOT,0,3246,20160715143500000,DT_ExitShort
CFFEX.IF.HOT,2,3210.2,20160721093500000,DT_EnterLong
CFFEX.IF.HOT,0,3173.2,20160727113000000,DT_ExitLong
CFFEX.IF.HOT,-2,3178.2,20160729143500000,DT_EnterShort
CFFEX.IF.HOT,0,3175,20160803100500000,DT_ExitShort
CFFEX.IF.HOT,-2,3155.6,20160804100000000,DT_EnterShort
CFFEX.IF.HOT,0,3239.4,20160811094000000,DT_ExitShort
CFFEX.IF.HOT,2,3263,20160811095500000,DT_EnterLong
CFFEX.IF.HOT,0,3346,20160817093500000,DT_ExitLong
CFFEX.IF.HOT,2,3337.2,20160823102000000,DT_EnterLong
CFFEX.IF.HOT,0,3285,20160906100000000,DT_ExitLong
CFFEX.IF.HOT,2,3202.6,20160914093500000,DT_EnterLong
CFFEX.IF.HOT,0,3194.2,20160914141000000,DT_ExitLong
CFFEX.IF.HOT,2,3211,20160919093500000,DT_EnterLong
CFFEX.IF.HOT,0,3231,20160926093500000,DT_ExitLong
CFFEX.IF.HOT,2,3217.2,20160927143000000,DT_EnterLong
CFFEX.IF.HOT,0,3216,20160928144500000,DT_ExitLong
CFFEX.IF.HOT,2,3232.8,20160929093500000,DT_EnterLong
CFFEX.IF.HOT,0,3245,20161010094500000,DT_ExitLong
CFFEX.IF.HOT,-2,3283,20161012140500000,DT_EnterShort
CFFEX.IF.HOT,0,3299.8,20161013094000000,DT_ExitShort
CFFEX.IF.HOT,2,3290,20161014093500000,DT_EnterLong
CFFEX.IF.HOT,0,3275.2,20161014112500000,DT_ExitLong
CFFEX.IF.HOT,-2,3284,20161017141500000,DT_EnterShort
CFFEX.IF.HOT,0,3283.2,20161021093500000,DT_ExitShort
CFFEX.IF.HOT,2,3318.4,20161024093500000,DT_EnterLong
CFFEX.IF.HOT,0,3328.6,20161026142000000,DT_ExitLong
CFFEX.IF.HOT,2,3324.6,20161027142500000,DT_EnterLong
CFFEX.IF.HOT,0,3296.8,20161031093500000,DT_ExitLong
CFFEX.IF.HOT,2,3328.4,20161101094500000,DT_EnterLong
CFFEX.IF.HOT,0,3382.2,20161117093500000,DT_ExitLong
CFFEX.IF.HOT,-2,3397,20161118093500000,DT_EnterShort
CFFEX.IF.HOT,0,3580,20161129143500000,DT_ExitShort
CFFEX.IF.HOT,2,3475.4,20161206093500000,DT_EnterLong
CFFEX.IF.HOT,0,3452.2,20161207094000000,DT_ExitLong
CFFEX.IF.HOT,-2,3449.6,20161209093500000,DT_EnterShort
CFFEX.IF.HOT,0,3296.6,20161228093500000,DT_ExitShort
CFFEX.IF.HOT,-2,3270.4,20161228144000000,DT_EnterShort
CFFEX.IF.HOT,0,3299.6,20161230093500000,DT_ExitShort
CFFEX.IF.HOT,2,3302.2,20170103093500000,DT_EnterLong
CFFEX.IF.HOT,0,3328.2,20170111113000000,DT_ExitLong
CFFEX.IF.HOT,-2,3293,20170116094000000,DT_EnterShort
CFFEX.IF.HOT,0,3360,20170123093500000,DT_ExitShort
CFFEX.IF.HOT,2,3378.2,20170126093500000,DT_EnterLong
CFFEX.IF.HOT,0,3370.4,20170203093500000,DT_ExitLong
CFFEX.IF.HOT,2,3367.4,20170206093500000,DT_EnterLong
CFFEX.IF.HOT,0,3457.4,20170221144000000,DT_ExitLong
CFFEX.IF.HOT,2,3466.6,20170222143000000,DT_EnterLong
CFFEX.IF.HOT,0,3443.2,20170223140500000,DT_ExitLong
CFFEX.IF.HOT,2,3427.6,20170307140500000,DT_EnterLong
CFFEX.IF.HOT,0,3398.2,20170313094500000,DT_ExitLong
CFFEX.IF.HOT,2,3459.8,20170316093500000,DT_EnterLong
CFFEX.IF.HOT,0,3448.2,20170330094000000,DT_ExitLong
CFFEX.IF.HOT,2,3481.6,20170405093500000,DT_EnterLong
CFFEX.IF.HOT,0,3503.4,20170406093500000,DT_ExitLong
CFFEX.IF.HOT,-2,3507,20170411093500000,DT_EnterShort
CFFEX.IF.HOT,0,3445,20170420143000000,DT_ExitShort
CFFEX.IF.HOT,-2,3429,20170424093500000,DT_EnterShort
CFFEX.IF.HOT,0,3422,20170425093500000,DT_ExitShort
CFFEX.IF.HOT,-2,3402.2,20170503093500000,DT_EnterShort
CFFEX.IF.HOT,0,3413,20170503094500000,DT_ExitShort
CFFEX.IF.HOT,-2,3337.6,20170510142000000,DT_EnterShort
CFFEX.IF.HOT,0,3388.8,20170515093500000,DT_ExitShort
CFFEX.IF.HOT,-2,3379,20170516093500000,DT_EnterShort
CFFEX.IF.HOT,0,3391.6,20170522094500000,DT_ExitShort
CFFEX.IF.HOT,2,3500,20170531093500000,DT_EnterLong
CFFEX.IF.HOT,0,3516.2,20170620142500000,DT_ExitLong
CFFEX.IF.HOT,-2,3524.6,20170621093500000,DT_EnterShort
CFFEX.IF.HOT,0,3648,20170626143000000,DT_ExitShort
CFFEX.IF.HOT,2,3640,20170630134000000,DT_EnterLong
CFFEX.IF.HOT,0,3614.2,20170706113000000,DT_ExitLong
CFFEX.IF.HOT,2,3635.2,20170710094500000,DT_EnterLong
CFFEX.IF.HOT,0,3631.2,20170712140500000,DT_ExitLong
CFFEX.IF.HOT,-2,3643.8,20170717094500000,DT_EnterShort
CFFEX.IF.HOT,0,3758.2,20170802093500000,DT_ExitShort
CFFEX.IF.HOT,-2,3674.8,20170810113000000,DT_EnterShort
CFFEX.IF.HOT,0,3730.4,20170821093500000,DT_ExitShort
CFFEX.IF.HOT,-2,3714.2,20170822100500000,DT_EnterShort
CFFEX.IF.HOT,0,3856.4,20170914095500000,DT_ExitShort
CFFEX.IF.HOT,2,3844,20170918093500000,DT_EnterLong
CFFEX.IF.HOT,0,3814.8,20170925141000000,DT_ExitLong
CFFEX.IF.HOT,2,3915.4,20171009093500000,DT_EnterLong
CFFEX.IF.HOT,0,3921.6,20171018143500000,DT_ExitLong
CFFEX.IF.HOT,2,3930,20171018145500000,DT_EnterLong
CFFEX.IF.HOT,0,4081.8,20171120094000000,DT_ExitLong
CFFEX.IF.HOT,-2,4067.6,20171127093500000,DT_EnterShort
CFFEX.IF.HOT,0,3991,20171204094000000,DT_ExitShort
CFFEX.IF.HOT,2,4005.6,20171205093500000,DT_EnterLong
CFFEX.IF.HOT,0,4297.6,20180119144000000,DT_ExitLong
CFFEX.IF.HOT,-2,4206.4,20180202093500000,DT_EnterShort
CFFEX.IF.HOT,0,3913.6,20180213093500000,DT_ExitShort
CFFEX.IF.HOT,-2,4030.8,20180223093500000,DT_EnterShort
CFFEX.IF.HOT,0,4082.8,20180314141500000,DT_ExitShort
CFFEX.IF.HOT,2,4066.4,20180315093500000,DT_EnterLong
CFFEX.IF.HOT,0,4050.6,20180316140500000,DT_ExitLong
CFFEX.IF.HOT,-2,3850.2,20180323093500000,DT_EnterShort
CFFEX.IF.HOT,0,3902,20180402094500000,DT_ExitShort
CFFEX.IF.HOT,2,3761,20180423094000000,DT_EnterLong
CFFEX.IF.HOT,0,3810,20180426093500000,DT_ExitLong
CFFEX.IF.HOT,-2,3797.8,20180426094000000,DT_EnterShort
CFFEX.IF.HOT,0,3845.8,20180508093500000,DT_ExitShort
CFFEX.IF.HOT,-2,3875.6,20180511143000000,DT_EnterShort
CFFEX.IF.HOT,0,3915.2,20180514093500000,DT_ExitShort
CFFEX.IF.HOT,-2,3909,20180515093500000,DT_EnterShort
CFFEX.IF.HOT,0,3918.2,20180515144000000,DT_ExitShort
CFFEX.IF.HOT,2,3842.8,20180607093500000,DT_EnterLong
CFFEX.IF.HOT,0,3546.2,20180619143500000,DT_ExitLong
CFFEX.IF.HOT,2,3422.8,20180628104500000,DT_EnterLong
CFFEX.IF.HOT,0,3502.2,20180716093500000,DT_ExitLong
CFFEX.IF.HOT,-2,3480.4,20180716094000000,DT_EnterShort
CFFEX.IF.HOT,0,3541,20180730095500000,DT_ExitShort
CFFEX.IF.HOT,2,3527.6,20180731134500000,DT_EnterLong
CFFEX.IF.HOT,0,3295.4,20180823094500000,DT_ExitLong
CFFEX.IF.HOT,2,3389,20180830093500000,DT_EnterLong
CFFEX.IF.HOT,0,3222.2,20180911100000000,DT_ExitLong
CFFEX.IF.HOT,2,3213.8,20180918093500000,DT_EnterLong
CFFEX.IF.HOT,0,3131.2,20181029094000000,DT_ExitLong
CFFEX.IF.HOT,2,3215.6,20181122140000000,DT_EnterLong
CFFEX.IF.HOT,0,3253.6,20181204130500000,DT_ExitLong
CFFEX.IF.HOT,2,3170.4,20181210093500000,DT_EnterLong
CFFEX.IF.HOT,0,2995,20181225093500000,DT_ExitLong
CFFEX.IF.HOT,2,3003.6,20181225135500000,DT_EnterLong
CFFEX.IF.HOT,0,3072.8,20190115093500000,DT_ExitLong
CFFEX.IF.HOT,2,3083.8,20190115094500000,DT_EnterLong
CFFEX.IF.HOT,0,3126.8,20190117093500000,DT_ExitLong
CFFEX.IF.HOT,2,3146,20190117112500000,DT_EnterLong
CFFEX.IF.HOT,0,3795.4,20190306140500000,DT_ExitLong
CFFEX.IF.HOT,-2,3837.8,20190321140000000,DT_EnterShort
CFFEX.IF.HOT,0,3751.6,20190329093500000,DT_ExitShort
CFFEX.IF.HOT,2,4019.4,20190403142500000,DT_EnterLong
CFFEX.IF.HOT,0,4080,20190419094000000,DT_ExitLong
CFFEX.IF.HOT,2,4124.4,20190419095500000,DT_EnterLong
CFFEX.IF.HOT,0,3899.8,20190430141000000,DT_ExitLong
CFFEX.IF.HOT,2,3803.4,20190506093500000,DT_EnterLong
CFFEX.IF.HOT,0,3640.8,20190514094500000,DT_ExitLong
CFFEX.IF.HOT,2,3710,20190516143500000,DT_EnterLong
CFFEX.IF.HOT,0,3584.6,20190520095000000,DT_ExitLong
CFFEX.IF.HOT,-2,3578,20190523093500000,DT_EnterShort
CFFEX.IF.HOT,0,3586.6,20190524093500000,DT_ExitShort
CFFEX.IF.HOT,-2,3546.4,20190527093500000,DT_EnterShort
CFFEX.IF.HOT,0,3571.2,20190527094000000,DT_ExitShort
CFFEX.IF.HOT,2,3651.6,20190603094500000,DT_EnterLong
CFFEX.IF.HOT,0,3573.6,20190604144000000,DT_ExitLong
CFFEX.IF.HOT,-2,3662.4,20190613094000000,DT_EnterShort
CFFEX.IF.HOT,0,3765.4,20190619093500000,DT_ExitShort
CFFEX.IF.HOT,2,3794,20190627093500000,DT_EnterLong
CFFEX.IF.HOT,0,3885.2,20190703093500000,DT_ExitLong
CFFEX.IF.HOT,-2,3831.2,20190708093500000,DT_EnterShort
CFFEX.IF.HOT,0,3808.6,20190711095000000,DT_ExitShort
CFFEX.IF.HOT,2,3801.4,20190712095500000,DT_EnterLong
CFFEX.IF.HOT,0,3745.2,20190715093500000,DT_ExitLong
CFFEX.IF.HOT,-2,3782.6,20190717093500000,DT_EnterShort
CFFEX.IF.HOT,0,3802.4,20190717094000000,DT_ExitShort
CFFEX.IF.HOT,2,3797.4,20190719095000000,DT_EnterLong
CFFEX.IF.HOT,0,3799.2,20190722093500000,DT_ExitLong
CFFEX.IF.HOT,2,3817.4,20190724093500000,DT_EnterLong
CFFEX.IF.HOT,0,3768.8,20190822095000000,DT_ExitLong
CFFEX.IF.HOT,2,3806.8,20190823094000000,DT_EnterLong
CFFEX.IF.HOT,0,3784.4,20190829094000000,DT_ExitLong
CFFEX.IF.HOT,2,3815.2,20190830093500000,DT_EnterLong
CFFEX.IF.HOT,0,3846,20190904094000000,DT_ExitLong
CFFEX.IF.HOT,-2,3959.4,20190910093500000,DT_EnterShort
CFFEX.IF.HOT,0,3878.6,20190923143000000,DT_ExitShort
CFFEX.IF.HOT,2,3888,20190925143500000,DT_EnterLong
CFFEX.IF.HOT,0,3909,20191029134500000,DT_ExitLong
CFFEX.IF.HOT,-2,3880.2,20191030094000000,DT_EnterShort
CFFEX.IF.HOT,0,3883,20191101094000000,DT_ExitShort
CFFEX.IF.HOT,2,3997.6,20191105103500000,DT_EnterLong
CFFEX.IF.HOT,0,3988,20191106140500000,DT_ExitLong
CFFEX.IF.HOT,2,3950.8,20191119145000000,DT_EnterLong
CFFEX.IF.HOT,0,3848.8,20191129094500000,DT_ExitLong
CFFEX.IF.HOT,2,3938.6,20191213093500000,DT_EnterLong
CFFEX.IF.HOT,0,4048.2,20191218140000000,DT_ExitLong
CFFEX.IF.HOT,2,4006,20191224142000000,DT_EnterLong
CFFEX.IF.HOT,0,3992,20191225140000000,DT_ExitLong
CFFEX.IF.HOT,2,4114.6,20191231143000000,DT_EnterLong
CFFEX.IF.HOT,0,4088,20200122093500000,DT_ExitLong
CFFEX.IF.HOT,2,3712.8,20200204093500000,DT_EnterLong
CFFEX.IF.HOT,0,4122,20200224094000000,DT_ExitLong
CFFEX.IF.HOT,2,4011.4,20200228093500000,DT_EnterLong
CFFEX.IF.HOT,0,4033.2,20200309093500000,DT_ExitLong
CFFEX.IF.HOT,2,4032.4,20200310093500000,DT_EnterLong
CFFEX.IF.HOT,0,4044,20200311130500000,DT_ExitLong
CFFEX.IF.HOT,2,3750,20200313093500000,DT_EnterLong
CFFEX.IF.HOT,0,3770.8,20200410093500000,DT_ExitLong
CFFEX.IF.HOT,-2,3811.8,20200417141000000,DT_EnterShort
CFFEX.IF.HOT,0,3803.2,20200427095000000,DT_ExitShort
CFFEX.IF.HOT,-2,3776.4,20200428095000000,DT_EnterShort
CFFEX.IF.HOT,0,3840.8,20200429095000000,DT_ExitShort
CFFEX.IF.HOT,2,3877.2,20200430093500000,DT_EnterLong
CFFEX.IF.HOT,0,3908.4,20200520093500000,DT_ExitLong
CFFEX.IF.HOT,-2,3894.6,20200520141500000,DT_EnterShort
CFFEX.IF.HOT,0,3823,20200528093500000,DT_ExitShort
CFFEX.IF.HOT,2,3897.6,20200601093500000,DT_EnterLong
CFFEX.IF.HOT,0,3993.8,20200611093500000,DT_ExitLong
CFFEX.IF.HOT,-2,3983.8,20200617103500000,DT_EnterShort
CFFEX.IF.HOT,0,4031.6,20200618111500000,DT_ExitShort
CFFEX.IF.HOT,-2,4078.6,20200629093500000,DT_EnterShort
CFFEX.IF.HOT,0,4311.8,20200702142500000,DT_ExitShort
CFFEX.IF.HOT,2,4759,20200708142000000,DT_EnterLong
CFFEX.IF.HOT,0,4617.2,20200723102500000,DT_ExitLong
CFFEX.IF.HOT,2,4573.8,20200729095000000,DT_EnterLong
CFFEX.IF.HOT,0,4713,20200805094000000,DT_ExitLong
CFFEX.IF.HOT,-2,4719.2,20200806094500000,DT_EnterShort
CFFEX.IF.HOT,0,4763.2,20200825093500000,DT_ExitShort
CFFEX.IF.HOT,2,4726,20200828094500000,DT_EnterLong
CFFEX.IF.HOT,0,4686.6,20200907141000000,DT_ExitLong
CFFEX.IF.HOT,2,4665.4,20200918131500000,DT_EnterLong
CFFEX.IF.HOT,0,4802.8,20201015094000000,DT_ExitLong
CFFEX.IF.HOT,2,4799.4,20201016093500000,DT_EnterLong
CFFEX.IF.HOT,0,4767.6,20201016112000000,DT_ExitLong
CFFEX.IF.HOT,-2,4759.6,20201021093500000,DT_EnterShort
CFFEX.IF.HOT,0,4796,20201104111000000,DT_ExitShort
CFFEX.IF.HOT,2,4864.8,20201105093500000,DT_EnterLong
CFFEX.IF.HOT,0,4848.2,20201106093500000,DT_ExitLong
CFFEX.IF.HOT,2,4927,20201109093500000,DT_EnterLong
CFFEX.IF.HOT,0,4909,20201111135000000,DT_ExitLong
CFFEX.IF.HOT,-2,4895.4,20201112101000000,DT_EnterShort
CFFEX.IF.HOT,0,4888,20201116150000000,DT_ExitShort
CFFEX.IF.HOT,-2,4847.8,20201117143000000,DT_EnterShort
CFFEX.IF.HOT,0,4888.8,20201118093500000,DT_ExitShort
CFFEX.IF.HOT,-2,4872.4,20201118140500000,DT_EnterShort
CFFEX.IF.HOT,0,5002.2,20201125094000000,DT_ExitShort
CFFEX.IF.HOT,-2,5037.8,20201204093500000,DT_EnterShort
CFFEX.IF.HOT,0,4920.4,20201214140500000,DT_ExitShort
CFFEX.IF.HOT,2,4979,20201217104500000,DT_EnterLong
CFFEX.IF.HOT,0,4986.6,20201218131500000,DT_ExitLong
CFFEX.IF.HOT,2,5009.2,20201225104000000,DT_EnterLong
CFFEX.IF.HOT,0,5490.2,20210111093500000,DT_ExitLong
CFFEX.IF.HOT,-2,5454.2,20210115111500000,DT_EnterShort
CFFEX.IF.HOT,0,5550.8,20210125101000000,DT_ExitShort
CFFEX.IF.HOT,2,5505.6,20210127093500000,DT_EnterLong
CFFEX.IF.HOT,0,5428.4,20210128093500000,DT_ExitLong
CFFEX.IF.HOT,2,5469,20210203094500000,DT_EnterLong
CFFEX.IF.HOT,0,5445.2,20210203100500000,DT_ExitLong
CFFEX.IF.HOT,-2,5167.2,20210305093500000,DT_EnterShort
CFFEX.IF.HOT,0,5073.2,20210311095000000,DT_ExitShort
CFFEX.IF.HOT,-2,5049,20210315094000000,DT_EnterShort
CFFEX.IF.HOT,0,5088.6,20210317100000000,DT_ExitShort
CFFEX.IF.HOT,2,4998.4,20210323094000000,DT_EnterLong
CFFEX.IF.HOT,0,4895,20210325093500000,DT_ExitLong
CFFEX.IF.HOT,2,4903.4,20210325094500000,DT_EnterLong
CFFEX.IF.HOT,0,4991.8,20210329094000000,DT_ExitLong
CFFEX.IF.HOT,-2,5084.4,20210407093500000,DT_EnterShort
CFFEX.IF.HOT,0,5035.4,20210412094000000,DT_ExitShort
CFFEX.IF.HOT,-2,5066.6,20210422093500000,DT_EnterShort
CFFEX.IF.HOT,0,5113.4,20210423095000000,DT_ExitShort
CFFEX.IF.HOT,-2,4957,20210510131500000,DT_EnterShort
CFFEX.IF.HOT,0,5130,20210517093500000,DT_ExitShort
CFFEX.IF.HOT,-2,5159.8,20210518094000000,DT_EnterShort
CFFEX.IF.HOT,0,5166.8,20210520093500000,DT_ExitShort
CFFEX.IF.HOT,-2,5135.2,20210520094500000,DT_EnterShort
CFFEX.IF.HOT,0,5375.6,20210527105500000,DT_ExitShort
CFFEX.IF.HOT,2,5348.8,20210528131000000,DT_EnterLong
CFFEX.IF.HOT,0,5197.4,20210615094500000,DT_ExitLong
CFFEX.IF.HOT,-2,5163.2,20210615095500000,DT_EnterShort
CFFEX.IF.HOT,0,5147.8,20210625093500000,DT_ExitShort
CFFEX.IF.HOT,-2,5195,20210629094000000,DT_EnterShort
CFFEX.IF.HOT,0,5116.4,20210715110000000,DT_ExitShort
CFFEX.IF.HOT,-2,5049,20210719093500000,DT_EnterShort
CFFEX.IF.HOT,0,5138.4,20210722093500000,DT_ExitShort
CFFEX.IF.HOT,-2,5105.8,20210723093500000,DT_EnterShort
CFFEX.IF.HOT,0,4773,20210730093500000,DT_ExitShort
CFFEX.IF.HOT,2,4918.6,20210804100000000,DT_EnterLong
CFFEX.IF.HOT,0,4890,20210805093500000,DT_ExitLong
CFFEX.IF.HOT,2,4909.2,20210809094000000,DT_EnterLong
CFFEX.IF.HOT,0,4943.4,20210812105500000,DT_ExitLong
CFFEX.IF.HOT,-2,4900,20210813093500000,DT_EnterShort
CFFEX.IF.HOT,0,4927.8,20210817094500000,DT_ExitShort
CFFEX.IF.HOT,-2,4810.8,20210819102500000,DT_EnterShort
CFFEX.IF.HOT,0,4880,20210903102500000,DT_ExitShort
CFFEX.IF.HOT,2,4868.2,20210906094000000,DT_EnterLong
CFFEX.IF.HOT,0,4911,20210907093500000,DT_ExitLong
CFFEX.IF.HOT,2,5029.4,20210913093500000,DT_EnterLong
CFFEX.IF.HOT,0,4985.8,20210913100000000,DT_ExitLong
CFFEX.IF.HOT,-2,4955.6,20210914094500000,DT_EnterShort
CFFEX.IF.HOT,0,4789.6,20210922093500000,DT_ExitShort
CFFEX.IF.HOT,2,4849.4,20210924093500000,DT_EnterLong
CFFEX.IF.HOT,0,4833.2,20210929093500000,DT_ExitLong
CFFEX.IF.HOT,2,4920,20211008103000000,DT_EnterLong
CFFEX.IF.HOT,0,4939.6,20211011143500000,DT_ExitLong
CFFEX.IF.HOT,-2,4886.4,20211015093500000,DT_EnterShort
CFFEX.IF.HOT,0,4922,20211015094000000,DT_ExitShort
CFFEX.IF.HOT,-2,4884.8,20211018093500000,DT_EnterShort
CFFEX.IF.HOT,0,4868.8,20211019093500000,DT_ExitShort
CFFEX.IF.HOT,2,4923.2,20211020093500000,DT_EnterLong
CFFEX.IF.HOT,0,4867.8,20211101093500000,DT_ExitLong
CFFEX.IF.HOT,2,4901.2,20211102093500000,DT_EnterLong
CFFEX.IF.HOT,0,4834.2,20211108093500000,DT_ExitLong
CFFEX.IF.HOT,-2,4800,20211110094500000,DT_EnterShort
CFFEX.IF.HOT,0,4904.2,20211115093500000,DT_ExitShort
CFFEX.IF.HOT,-2,4851,20211118093500000,DT_EnterShort
CFFEX.IF.HOT,0,4890.6,20211119134500000,DT_ExitShort
CFFEX.IF.HOT,2,4934,20211124134000000,DT_EnterLong
CFFEX.IF.HOT,0,4867.2,20211126093500000,DT_ExitLong
CFFEX.IF.HOT,2,4849.4,20211129093500000,DT_EnterLong
CFFEX.IF.HOT,0,4837,20211202093500000,DT_ExitLong
CFFEX.IF.HOT,2,4862.6,20211202094500000,DT_EnterLong
CFFEX.IF.HOT,0,5100.4,20211213093500000,DT_ExitLong
CFFEX.IF.HOT,2,4993.6,20211220094000000,DT_EnterLong
CFFEX.IF.HOT,0,4934.2,20220104093500000,DT_ExitLong
CFFEX.IF.HOT,2,4846.8,20220107093500000,DT_EnterLong
CFFEX.IF.HOT,0,4806.4,20220110094000000,DT_ExitLong
CFFEX.IF.HOT,-2,4840.8,20220111093500000,DT_EnterShort
CFFEX.IF.HOT,0,4648.4,20220211094000000,DT_ExitShort
CFFEX.IF.HOT,-2,4575.4,20220222093500000,DT_EnterShort
CFFEX.IF.HOT,0,4593.8,20220223093500000,DT_ExitShort
CFFEX.IF.HOT,-2,4548.2,20220228094000000,DT_EnterShort
CFFEX.IF.HOT,0,4248.4,20220322133500000,DT_ExitShort
