code,time,direct,action,price,qty,tag,fee,barno
CFFEX.IF.HOT,201601051310,LONG,OPEN,3452.6,2,DT_EnterLong,47.65,73
CFFEX.IF.HOT,201601051330,LONG,CLOSE,3421.2,2,DT_ExitLong,47.21,77
CFFEX.IF.HOT,201601051340,SHORT,OPEN,3400,2,DT_EnterShort,46.92,79
CFFEX.IF.HOT,201601061010,SHORT,CLOSE,3450.6,2,DT_ExitShort,47.62,103
CFFEX.IF.HOT,201601070950,SHORT,OPEN,3308,2,DT_EnterShort,45.65,147
CFFEX.IF.HOT,201601080955,SHORT,CLOSE,3256.4,2,DT_ExitShort,44.94,196
CFFEX.IF.HOT,201601121455,SHORT,OPEN,3184.8,2,DT_EnterShort,43.95,334
CFFEX.IF.HOT,201601130945,SHORT,CLOSE,3222.8,2,DT_ExitShort,44.47,338
CFFEX.IF.HOT,201601131320,SHORT,OPEN,3198.4,2,DT_EnterShort,44.14,363
CFFEX.IF.HOT,201601141355,SHORT,CLOSE,3172.4,2,DT_ExitShort,43.78,418
CFFEX.IF.HOT,201601151010,SHORT,OPEN,3122.8,2,DT_EnterShort,43.09,439
CFFEX.IF.HOT,201601181030,SHORT,CLOSE,3060.2,2,DT_ExitShort,42.23,491
CFFEX.IF.HOT,201601181055,SHORT,OPEN,3035.8,2,DT_EnterShort,41.89,496
CFFEX.IF.HOT,201601181310,SHORT,CLOSE,3086.4,2,DT_ExitShort,42.59,505
CFFEX.IF.HOT,201601191100,SHORT,OPEN,3051.4,2,DT_EnterShort,42.11,545
CFFEX.IF.HOT,201601191305,SHORT,CLOSE,3117.2,2,DT_ExitShort,43.02,552
CFFEX.IF.HOT,201601191310,LONG,OPEN,3122.2,2,DT_EnterLong,43.09,553
CFFEX.IF.HOT,201601211345,LONG,CLOSE,3042,2,DT_ExitLong,41.98,656
CFFEX.IF.HOT,201601211350,SHORT,OPEN,3049,2,DT_EnterShort,42.08,657
CFFEX.IF.HOT,201601221400,SHORT,CLOSE,3057.8,2,DT_ExitShort,42.2,707
CFFEX.IF.HOT,201601271500,LONG,OPEN,2875.4,2,DT_EnterLong,39.68,863
CFFEX.IF.HOT,201601281350,LONG,CLOSE,2846.4,2,DT_ExitLong,39.28,897
CFFEX.IF.HOT,201601291035,LONG,OPEN,2884,2,DT_EnterLong,39.8,924
CFFEX.IF.HOT,201602030950,LONG,CLOSE,2912.6,2,DT_ExitLong,40.19,1059
CFFEX.IF.HOT,201602031450,LONG,OPEN,2941.6,2,DT_EnterLong,40.59,1101
CFFEX.IF.HOT,201602051420,LONG,CLOSE,2943.8,2,DT_ExitLong,40.62,1191
CFFEX.IF.HOT,201602170955,SHORT,OPEN,2977,2,DT_EnterShort,41.08,1300
CFFEX.IF.HOT,201602191355,SHORT,CLOSE,3004.8,2,DT_ExitShort,41.47,1426
CFFEX.IF.HOT,201602191450,SHORT,OPEN,2971.4,2,DT_EnterShort,41.01,1437
CFFEX.IF.HOT,201602220950,SHORT,CLOSE,3015.2,2,DT_ExitShort,41.61,1443
CFFEX.IF.HOT,201602231035,SHORT,OPEN,3025.2,2,DT_EnterShort,41.75,1500
CFFEX.IF.HOT,201602241000,SHORT,CLOSE,3034.4,2,DT_ExitShort,41.87,1541
CFFEX.IF.HOT,201602241115,SHORT,OPEN,3001.8,2,DT_EnterShort,41.42,1556
CFFEX.IF.HOT,201602241450,SHORT,CLOSE,3019.4,2,DT_ExitShort,41.67,1581
CFFEX.IF.HOT,201602251025,SHORT,OPEN,2995.6,2,DT_EnterShort,41.34,1594
CFFEX.IF.HOT,201603031435,SHORT,CLOSE,3019.2,2,DT_ExitShort,41.66,1866
CFFEX.IF.HOT,201603041045,LONG,OPEN,3035.8,2,DT_EnterLong,41.89,1886
CFFEX.IF.HOT,201603071355,LONG,CLOSE,3059.8,2,DT_ExitLong,42.23,1954
CFFEX.IF.HOT,201603091105,SHORT,OPEN,3013,2,DT_EnterShort,41.58,2034
CFFEX.IF.HOT,201603140940,SHORT,CLOSE,3030,2,DT_ExitShort,41.81,2161
CFFEX.IF.HOT,201603150935,SHORT,OPEN,3042.8,2,DT_EnterShort,41.99,2208
CFFEX.IF.HOT,201603151450,SHORT,CLOSE,3048.6,2,DT_ExitShort,42.07,2253
CFFEX.IF.HOT,201603180950,SHORT,OPEN,3082.4,2,DT_EnterShort,42.54,2355
CFFEX.IF.HOT,201603181045,SHORT,CLOSE,3123.4,2,DT_ExitShort,43.1,2366
CFFEX.IF.HOT,201603221000,SHORT,OPEN,3201.8,2,DT_EnterShort,44.18,2453
CFFEX.IF.HOT,201603221430,SHORT,CLOSE,3203.8,2,DT_ExitShort,44.21,2489
CFFEX.IF.HOT,201603221435,LONG,OPEN,3206,2,DT_EnterLong,44.24,2490
CFFEX.IF.HOT,201603251105,LONG,CLOSE,3150.4,2,DT_ExitLong,43.48,2610
CFFEX.IF.HOT,201603251110,SHORT,OPEN,3153.2,2,DT_EnterShort,43.51,2611
CFFEX.IF.HOT,201603301005,SHORT,CLOSE,3158.6,2,DT_ExitShort,43.59,2742
CFFEX.IF.HOT,201603311430,SHORT,OPEN,3190.2,2,DT_EnterShort,44.02,2825
CFFEX.IF.HOT,201603311445,SHORT,CLOSE,3201.2,2,DT_ExitShort,44.18,2828
CFFEX.IF.HOT,201603311450,LONG,OPEN,3196.2,2,DT_EnterLong,44.11,2829
CFFEX.IF.HOT,201604061110,LONG,CLOSE,3232.4,2,DT_ExitLong,44.61,2947
CFFEX.IF.HOT,201604071025,SHORT,OPEN,3217.4,2,DT_EnterShort,44.4,2986
CFFEX.IF.HOT,201604130940,SHORT,CLOSE,3254.8,2,DT_ExitShort,44.92,3169
CFFEX.IF.HOT,201604191050,SHORT,OPEN,3184.2,2,DT_EnterShort,43.94,3375
CFFEX.IF.HOT,201604191500,SHORT,CLOSE,3195.6,2,DT_ExitShort,44.1,3407
CFFEX.IF.HOT,201604201105,SHORT,OPEN,3165.6,2,DT_EnterShort,43.69,3426
CFFEX.IF.HOT,201604251405,SHORT,CLOSE,3131,2,DT_ExitShort,43.21,3588
CFFEX.IF.HOT,201604261305,SHORT,OPEN,3112.8,2,DT_EnterShort,42.96,3624
CFFEX.IF.HOT,201604261500,SHORT,CLOSE,3137.2,2,DT_ExitShort,43.29,3647
CFFEX.IF.HOT,201604271430,SHORT,OPEN,3130,2,DT_EnterShort,43.19,3689
CFFEX.IF.HOT,201604290935,SHORT,CLOSE,3111.2,2,DT_ExitShort,42.93,3744
CFFEX.IF.HOT,201605041025,SHORT,OPEN,3180.8,2,DT_EnterShort,43.9,3850
CFFEX.IF.HOT,201605051035,SHORT,CLOSE,3179.8,2,DT_ExitShort,43.88,3900
CFFEX.IF.HOT,201605051445,LONG,OPEN,3187.6,2,DT_EnterLong,43.99,3932
CFFEX.IF.HOT,201605061030,LONG,CLOSE,3175,2,DT_ExitLong,43.82,3947
CFFEX.IF.HOT,201605061035,SHORT,OPEN,3175,2,DT_EnterShort,43.82,3948
CFFEX.IF.HOT,201605101115,SHORT,CLOSE,3046.2,2,DT_ExitShort,42.04,4052
CFFEX.IF.HOT,201605111015,LONG,OPEN,3047.2,2,DT_EnterLong,42.05,4088
CFFEX.IF.HOT,201605111040,LONG,CLOSE,3042.6,2,DT_ExitLong,41.99,4093
CFFEX.IF.HOT,201605111110,LONG,OPEN,3055.2,2,DT_EnterLong,42.16,4099
CFFEX.IF.HOT,201605120945,LONG,CLOSE,3023,2,DT_ExitLong,41.72,4130
CFFEX.IF.HOT,201605121120,LONG,OPEN,3060.6,2,DT_EnterLong,42.24,4149
CFFEX.IF.HOT,201605171100,LONG,CLOSE,3068.4,2,DT_ExitLong,42.34,4289
CFFEX.IF.HOT,201605171410,LONG,OPEN,3096.6,2,DT_EnterLong,42.73,4309
CFFEX.IF.HOT,201605180945,LONG,CLOSE,3019.4,2,DT_ExitLong,41.67,4322
CFFEX.IF.HOT,201605201055,LONG,OPEN,3036.4,2,DT_EnterLong,41.9,4432
CFFEX.IF.HOT,201605201335,LONG,CLOSE,3023.4,2,DT_ExitLong,41.72,4446
CFFEX.IF.HOT,201605201425,LONG,OPEN,3036,2,DT_EnterLong,41.9,4456
CFFEX.IF.HOT,201605231410,LONG,CLOSE,3039.6,2,DT_ExitLong,41.95,4501
CFFEX.IF.HOT,201605250940,LONG,OPEN,3047.4,2,DT_EnterLong,42.05,4561
CFFEX.IF.HOT,201605251350,LONG,CLOSE,3026,2,DT_ExitLong,41.76,4593
CFFEX.IF.HOT,201605251355,SHORT,OPEN,3022.4,2,DT_EnterShort,41.71,4594
CFFEX.IF.HOT,201605261435,SHORT,CLOSE,3024.6,2,DT_ExitShort,41.74,4650
CFFEX.IF.HOT,201605300955,SHORT,OPEN,3012,2,DT_EnterShort,41.57,4708
CFFEX.IF.HOT,201605301100,SHORT,CLOSE,3031.4,2,DT_ExitShort,41.83,4721
CFFEX.IF.HOT,201606030950,LONG,OPEN,3142,2,DT_EnterLong,43.36,4899
CFFEX.IF.HOT,201606061305,LONG,CLOSE,3158.4,2,DT_ExitLong,43.59,4968
CFFEX.IF.HOT,201606071050,LONG,OPEN,3159.4,2,DT_EnterLong,43.6,5007
CFFEX.IF.HOT,201606071120,LONG,CLOSE,3154.2,2,DT_ExitLong,43.53,5013
CFFEX.IF.HOT,201606071325,LONG,OPEN,3161.6,2,DT_EnterLong,43.63,5020
CFFEX.IF.HOT,201606080940,LONG,CLOSE,3146.8,2,DT_ExitLong,43.43,5041
CFFEX.IF.HOT,201606130950,SHORT,OPEN,3117.2,2,DT_EnterShort,43.02,5091
CFFEX.IF.HOT,201606151015,SHORT,CLOSE,3074.4,2,DT_ExitShort,42.43,5192
CFFEX.IF.HOT,201606160955,SHORT,OPEN,3050.6,2,DT_EnterShort,42.1,5236
CFFEX.IF.HOT,201606171000,SHORT,CLOSE,3069.8,2,DT_ExitShort,42.36,5285
CFFEX.IF.HOT,201606171355,SHORT,OPEN,3029.6,2,DT_EnterShort,41.81,5314
CFFEX.IF.HOT,201606201335,SHORT,CLOSE,3045.8,2,DT_ExitShort,42.03,5358
CFFEX.IF.HOT,201606211400,SHORT,OPEN,3055.2,2,DT_EnterShort,42.16,5411
CFFEX.IF.HOT,201606221120,SHORT,CLOSE,3069,2,DT_ExitShort,42.35,5445
CFFEX.IF.HOT,201606240945,LONG,OPEN,3075.6,2,DT_EnterLong,42.44,5522
CFFEX.IF.HOT,201606241040,LONG,CLOSE,3050,2,DT_ExitLong,42.09,5533
CFFEX.IF.HOT,201606271015,LONG,OPEN,3052.4,2,DT_EnterLong,42.12,5576
CFFEX.IF.HOT,201607060940,LONG,CLOSE,3164.8,2,DT_ExitLong,43.67,5905
CFFEX.IF.HOT,201607060945,SHORT,OPEN,3161,2,DT_EnterShort,43.62,5906
CFFEX.IF.HOT,201607061330,SHORT,CLOSE,3172.6,2,DT_ExitShort,43.78,5933
CFFEX.IF.HOT,201607071310,SHORT,OPEN,3168.2,2,DT_EnterShort,43.72,5977
CFFEX.IF.HOT,201607071430,SHORT,CLOSE,3188.6,2,DT_ExitShort,44,5993
CFFEX.IF.HOT,201607071435,LONG,OPEN,3188,2,DT_EnterLong,43.99,5994
CFFEX.IF.HOT,201607081005,LONG,CLOSE,3174.6,2,DT_ExitLong,43.81,6006
CFFEX.IF.HOT,201607081130,LONG,OPEN,3175.4,2,DT_EnterLong,43.82,6023
CFFEX.IF.HOT,201607081310,LONG,CLOSE,3170.8,2,DT_ExitLong,43.76,6025
CFFEX.IF.HOT,201607110940,LONG,OPEN,3197.8,2,DT_EnterLong,44.13,6049
CFFEX.IF.HOT,201607120935,LONG,CLOSE,3184.8,2,DT_ExitLong,43.95,6096
CFFEX.IF.HOT,201607120940,SHORT,OPEN,3201.2,2,DT_EnterShort,44.18,6097
CFFEX.IF.HOT,201607121020,SHORT,CLOSE,3226.2,2,DT_ExitShort,44.52,6105
CFFEX.IF.HOT,201607121120,SHORT,OPEN,3199.8,2,DT_EnterShort,44.16,6117
CFFEX.IF.HOT,201607121400,SHORT,CLOSE,3225.2,2,DT_ExitShort,44.51,6131
CFFEX.IF.HOT,201607150955,LONG,OPEN,3243.8,2,DT_EnterLong,44.76,6244
CFFEX.IF.HOT,201607151130,LONG,CLOSE,3235,2,DT_ExitLong,44.64,6263
CFFEX.IF.HOT,201607151440,LONG,OPEN,3246.8,2,DT_EnterLong,44.81,6283
CFFEX.IF.HOT,201607181020,LONG,CLOSE,3229.6,2,DT_ExitLong,44.57,6297
CFFEX.IF.HOT,201607181350,LONG,OPEN,3240,2,DT_EnterLong,44.71,6321
CFFEX.IF.HOT,201607181440,LONG,CLOSE,3233.6,2,DT_ExitLong,44.62,6331
CFFEX.IF.HOT,201607201100,SHORT,OPEN,3200,2,DT_EnterShort,44.16,6401
CFFEX.IF.HOT,201607210950,SHORT,CLOSE,3222.4,2,DT_ExitShort,44.47,6435
CFFEX.IF.HOT,201607211000,LONG,OPEN,3218.8,2,DT_EnterLong,44.42,6437
CFFEX.IF.HOT,201607251425,LONG,CLOSE,3198.8,2,DT_ExitLong,44.14,6568
CFFEX.IF.HOT,201607260955,LONG,OPEN,3220.2,2,DT_EnterLong,44.44,6580
CFFEX.IF.HOT,201607271305,LONG,CLOSE,3171.2,2,DT_ExitLong,43.76,6648
CFFEX.IF.HOT,201607281055,LONG,OPEN,3197,2,DT_EnterLong,44.12,6688
CFFEX.IF.HOT,201607291420,LONG,CLOSE,3189.6,2,DT_ExitLong,44.02,6759
CFFEX.IF.HOT,201608021445,LONG,OPEN,3162,2,DT_EnterLong,43.64,6860
CFFEX.IF.HOT,201608031425,LONG,CLOSE,3163.8,2,DT_ExitLong,43.66,6904
CFFEX.IF.HOT,201608031430,SHORT,OPEN,3162,2,DT_EnterShort,43.64,6905
CFFEX.IF.HOT,201608040950,SHORT,CLOSE,3168,2,DT_ExitShort,43.72,6915
CFFEX.IF.HOT,201608081010,SHORT,OPEN,3183.4,2,DT_EnterShort,43.93,7015
CFFEX.IF.HOT,201608081050,SHORT,CLOSE,3207.2,2,DT_ExitShort,44.26,7023
CFFEX.IF.HOT,201608101325,SHORT,OPEN,3238.4,2,DT_EnterShort,44.69,7132
CFFEX.IF.HOT,201608111005,SHORT,CLOSE,3255.6,2,DT_ExitShort,44.93,7158
CFFEX.IF.HOT,201608111455,SHORT,OPEN,3234.6,2,DT_EnterShort,44.64,7198
CFFEX.IF.HOT,201608121350,SHORT,CLOSE,3251,2,DT_ExitShort,44.86,7233
CFFEX.IF.HOT,201608121355,LONG,OPEN,3258.2,2,DT_EnterLong,44.96,7234
CFFEX.IF.HOT,201608181050,LONG,CLOSE,3350.6,2,DT_ExitLong,46.24,7407
CFFEX.IF.HOT,201608181105,SHORT,OPEN,3350.8,2,DT_EnterShort,46.24,7410
CFFEX.IF.HOT,201608191430,SHORT,CLOSE,3338.8,2,DT_ExitShort,46.08,7481
CFFEX.IF.HOT,201608221100,SHORT,OPEN,3323.2,2,DT_EnterShort,45.86,7505
CFFEX.IF.HOT,201608231030,SHORT,CLOSE,3337,2,DT_ExitShort,46.05,7547
CFFEX.IF.HOT,201608231350,SHORT,OPEN,3322.8,2,DT_EnterShort,45.85,7569
CFFEX.IF.HOT,201608251500,SHORT,CLOSE,3283,2,DT_ExitShort,45.31,7679
CFFEX.IF.HOT,201608260935,LONG,OPEN,3292.2,2,DT_EnterLong,45.43,7680
CFFEX.IF.HOT,201608261430,LONG,CLOSE,3284.2,2,DT_ExitLong,45.32,7721
CFFEX.IF.HOT,201608291340,SHORT,OPEN,3278.8,2,DT_EnterShort,45.25,7759
CFFEX.IF.HOT,201608301330,SHORT,CLOSE,3288.2,2,DT_ExitShort,45.38,7805
CFFEX.IF.HOT,201608310950,LONG,OPEN,3286.2,2,DT_EnterLong,45.35,7827
CFFEX.IF.HOT,201608310955,LONG,CLOSE,3286.2,2,DT_ExitLong,45.35,7828
CFFEX.IF.HOT,201608311000,LONG,OPEN,3289,2,DT_EnterLong,45.39,7829
CFFEX.IF.HOT,201609011105,LONG,CLOSE,3294.4,2,DT_ExitLong,45.46,7890
CFFEX.IF.HOT,201609021325,SHORT,OPEN,3287.8,2,DT_EnterShort,45.37,7948
CFFEX.IF.HOT,201609091000,SHORT,CLOSE,3331,2,DT_ExitShort,45.97,8165
CFFEX.IF.HOT,201609091045,SHORT,OPEN,3316.8,2,DT_EnterShort,45.77,8174
CFFEX.IF.HOT,201609131010,SHORT,CLOSE,3250.2,2,DT_ExitShort,44.85,8263
CFFEX.IF.HOT,201609140940,SHORT,OPEN,3202.6,2,DT_EnterShort,44.2,8305
CFFEX.IF.HOT,201609191005,SHORT,CLOSE,3213.6,2,DT_ExitShort,44.35,8358
CFFEX.IF.HOT,201609191010,LONG,OPEN,3213.6,2,DT_EnterLong,44.35,8359
CFFEX.IF.HOT,201609201420,LONG,CLOSE,3211.8,2,DT_ExitLong,44.32,8439
CFFEX.IF.HOT,201609210940,LONG,OPEN,3216,2,DT_EnterLong,44.38,8449
CFFEX.IF.HOT,201609301000,LONG,CLOSE,3239.6,2,DT_ExitLong,44.71,8789
CFFEX.IF.HOT,201609301035,LONG,OPEN,3248.2,2,DT_EnterLong,44.83,8796
CFFEX.IF.HOT,201610111410,LONG,CLOSE,3291.2,2,DT_ExitLong,45.42,8917
CFFEX.IF.HOT,201610111415,SHORT,OPEN,3292,2,DT_EnterShort,45.43,8918
CFFEX.IF.HOT,201610121355,SHORT,CLOSE,3289.6,2,DT_ExitShort,45.4,8962
CFFEX.IF.HOT,201610121410,SHORT,OPEN,3282.2,2,DT_EnterShort,45.29,8965
CFFEX.IF.HOT,201610130945,SHORT,CLOSE,3300,2,DT_ExitShort,45.54,8978
CFFEX.IF.HOT,201610131055,SHORT,OPEN,3281.6,2,DT_EnterShort,45.29,8992
CFFEX.IF.HOT,201610141445,SHORT,CLOSE,3294.4,2,DT_ExitShort,45.46,9068
CFFEX.IF.HOT,201610171415,SHORT,OPEN,3290.2,2,DT_EnterShort,45.4,9110
CFFEX.IF.HOT,201610181315,SHORT,CLOSE,3287.2,2,DT_ExitShort,45.36,9146
CFFEX.IF.HOT,201610211020,LONG,OPEN,3289,2,DT_EnterLong,45.39,9273
CFFEX.IF.HOT,201610211310,LONG,CLOSE,3283,2,DT_ExitLong,45.31,9289
CFFEX.IF.HOT,201610211440,LONG,OPEN,3296.4,2,DT_EnterLong,45.49,9307
CFFEX.IF.HOT,201610281320,LONG,CLOSE,3324.8,2,DT_ExitLong,45.88,9531
CFFEX.IF.HOT,201610281425,LONG,OPEN,3329.4,2,DT_EnterLong,45.95,9544
CFFEX.IF.HOT,201610281445,LONG,CLOSE,3323.6,2,DT_ExitLong,45.87,9548
CFFEX.IF.HOT,201610311420,LONG,OPEN,3319.2,2,DT_EnterLong,45.8,9591
CFFEX.IF.HOT,201611021015,LONG,CLOSE,3329.2,2,DT_ExitLong,45.94,9656
CFFEX.IF.HOT,201611021020,SHORT,OPEN,3330.6,2,DT_EnterShort,45.96,9657
CFFEX.IF.HOT,201611031015,SHORT,CLOSE,3336.2,2,DT_ExitShort,46.04,9704
CFFEX.IF.HOT,201611031020,LONG,OPEN,3333,2,DT_EnterLong,46,9705
CFFEX.IF.HOT,201611041305,LONG,CLOSE,3350.4,2,DT_ExitLong,46.24,9768
CFFEX.IF.HOT,201611080935,SHORT,OPEN,3352.4,2,DT_EnterShort,46.26,9840
CFFEX.IF.HOT,201611080940,SHORT,CLOSE,3359.6,2,DT_ExitShort,46.36,9841
CFFEX.IF.HOT,201611080945,LONG,OPEN,3358.6,2,DT_EnterLong,46.35,9842
CFFEX.IF.HOT,201611091010,LONG,CLOSE,3353,2,DT_ExitLong,46.27,9895
CFFEX.IF.HOT,201611100945,LONG,OPEN,3391.2,2,DT_EnterLong,46.8,9938
CFFEX.IF.HOT,201611141425,LONG,CLOSE,3414,2,DT_ExitLong,47.11,10072
CFFEX.IF.HOT,201611171440,LONG,OPEN,3400,2,DT_EnterLong,46.92,10219
CFFEX.IF.HOT,201611211425,LONG,CLOSE,3407,2,DT_ExitLong,47.02,10312
CFFEX.IF.HOT,201611221000,LONG,OPEN,3434.8,2,DT_EnterLong,47.4,10325
CFFEX.IF.HOT,201611251030,LONG,CLOSE,3448,2,DT_ExitLong,47.58,10475
CFFEX.IF.HOT,201611251325,LONG,OPEN,3467.6,2,DT_EnterLong,47.85,10492
CFFEX.IF.HOT,201612081330,LONG,CLOSE,3461.2,2,DT_ExitLong,47.76,10925
CFFEX.IF.HOT,201612081405,LONG,OPEN,3466.8,2,DT_EnterLong,47.84,10932
CFFEX.IF.HOT,201612121005,LONG,CLOSE,3455.8,2,DT_ExitLong,47.69,10998
CFFEX.IF.HOT,201612131355,LONG,OPEN,3393.2,2,DT_EnterLong,46.83,11074
CFFEX.IF.HOT,201612141125,LONG,CLOSE,3396,2,DT_ExitLong,46.86,11110
CFFEX.IF.HOT,201612141315,LONG,OPEN,3395.2,2,DT_EnterLong,46.85,11114
CFFEX.IF.HOT,201612141435,LONG,CLOSE,3387.6,2,DT_ExitLong,46.75,11130
CFFEX.IF.HOT,201612141440,SHORT,OPEN,3390,2,DT_EnterShort,46.78,11131
CFFEX.IF.HOT,201612161055,SHORT,CLOSE,3319.8,2,DT_ExitShort,45.81,11200
CFFEX.IF.HOT,201612161130,SHORT,OPEN,3313.2,2,DT_EnterShort,45.72,11207
CFFEX.IF.HOT,201612211000,SHORT,CLOSE,3301.4,2,DT_ExitShort,45.56,11333
CFFEX.IF.HOT,201612221440,LONG,OPEN,3301.8,2,DT_EnterLong,45.56,11419
CFFEX.IF.HOT,201612230955,LONG,CLOSE,3293,2,DT_ExitLong,45.44,11428
CFFEX.IF.HOT,201612231000,SHORT,OPEN,3289.4,2,DT_EnterShort,45.39,11429
CFFEX.IF.HOT,201612261355,SHORT,CLOSE,3267.6,2,DT_ExitShort,45.09,11506
CFFEX.IF.HOT,201612291305,LONG,OPEN,3300.2,2,DT_EnterLong,45.54,11640
CFFEX.IF.HOT,201701051305,LONG,CLOSE,3354,2,DT_ExitLong,46.29,11832
CFFEX.IF.HOT,201701091105,LONG,OPEN,3350.8,2,DT_EnterLong,46.24,11922
CFFEX.IF.HOT,201701101040,LONG,CLOSE,3348.8,2,DT_ExitLong,46.21,11965
CFFEX.IF.HOT,201701101045,SHORT,OPEN,3347.8,2,DT_EnterShort,46.2,11966
CFFEX.IF.HOT,201701101325,SHORT,CLOSE,3352.6,2,DT_ExitShort,46.27,11980
CFFEX.IF.HOT,201701101330,LONG,OPEN,3352.6,2,DT_EnterLong,46.27,11981
CFFEX.IF.HOT,201701111100,LONG,CLOSE,3346.8,2,DT_ExitLong,46.19,12017
CFFEX.IF.HOT,201701121340,SHORT,OPEN,3324,2,DT_EnterShort,45.87,12079
CFFEX.IF.HOT,201701131130,SHORT,CLOSE,3323.6,2,DT_ExitShort,45.87,12119
CFFEX.IF.HOT,201701131405,SHORT,OPEN,3313.6,2,DT_EnterShort,45.73,12132
CFFEX.IF.HOT,201701170945,SHORT,CLOSE,3308.4,2,DT_ExitShort,45.66,12194
CFFEX.IF.HOT,201701171350,LONG,OPEN,3310.8,2,DT_EnterLong,45.69,12225
CFFEX.IF.HOT,201701190950,LONG,CLOSE,3319.8,2,DT_ExitLong,45.81,12291
CFFEX.IF.HOT,201701201000,LONG,OPEN,3334.6,2,DT_EnterLong,46.02,12341
CFFEX.IF.HOT,201701231340,LONG,CLOSE,3356.8,2,DT_ExitLong,46.32,12415
CFFEX.IF.HOT,201701250945,SHORT,OPEN,3340.8,2,DT_EnterShort,46.1,12482
CFFEX.IF.HOT,201702071045,SHORT,CLOSE,3356.2,2,DT_ExitShort,46.32,12686
CFFEX.IF.HOT,201702100945,LONG,OPEN,3387.8,2,DT_EnterLong,46.75,12818
CFFEX.IF.HOT,201702140955,LONG,CLOSE,3401.6,2,DT_ExitLong,46.94,12916
CFFEX.IF.HOT,201702151440,SHORT,OPEN,3398.2,2,DT_EnterShort,46.9,13003
CFFEX.IF.HOT,201702161340,SHORT,CLOSE,3410.2,2,DT_ExitShort,47.06,13039
CFFEX.IF.HOT,201702171310,SHORT,OPEN,3404.2,2,DT_EnterShort,46.98,13081
CFFEX.IF.HOT,201702201020,SHORT,CLOSE,3427.2,2,DT_ExitShort,47.3,13113
CFFEX.IF.HOT,201702221100,SHORT,OPEN,3458.8,2,DT_EnterShort,47.73,13217
CFFEX.IF.HOT,201702221340,SHORT,CLOSE,3461,2,DT_ExitShort,47.76,13231
CFFEX.IF.HOT,201702221350,LONG,OPEN,3461.8,2,DT_EnterLong,47.77,13233
CFFEX.IF.HOT,201702231040,LONG,CLOSE,3455.6,2,DT_ExitLong,47.69,13261
CFFEX.IF.HOT,201702271320,SHORT,OPEN,3440.6,2,DT_EnterShort,47.48,13371
CFFEX.IF.HOT,201703011010,SHORT,CLOSE,3438.4,2,DT_ExitShort,47.45,13447
CFFEX.IF.HOT,201703060935,LONG,OPEN,3405.4,2,DT_EnterLong,46.99,13584
CFFEX.IF.HOT,201703071030,LONG,CLOSE,3421.4,2,DT_ExitLong,47.22,13643
CFFEX.IF.HOT,201703071100,LONG,OPEN,3423.6,2,DT_EnterLong,47.25,13649
CFFEX.IF.HOT,201703071310,LONG,CLOSE,3422.2,2,DT_ExitLong,47.23,13657
CFFEX.IF.HOT,201703071325,SHORT,OPEN,3419.8,2,DT_EnterShort,47.19,13660
CFFEX.IF.HOT,201703100950,SHORT,CLOSE,3412,2,DT_ExitShort,47.09,13779
CFFEX.IF.HOT,201703101450,SHORT,OPEN,3409.6,2,DT_EnterShort,47.05,13821
CFFEX.IF.HOT,201703131035,SHORT,CLOSE,3423.8,2,DT_ExitShort,47.25,13836
CFFEX.IF.HOT,201703141350,SHORT,OPEN,3447,2,DT_EnterShort,47.57,13905
CFFEX.IF.HOT,201703151040,SHORT,CLOSE,3445.6,2,DT_ExitShort,47.55,13933
CFFEX.IF.HOT,201703151100,SHORT,OPEN,3448,2,DT_EnterShort,47.58,13937
CFFEX.IF.HOT,201703170940,SHORT,CLOSE,3461.2,2,DT_ExitShort,47.76,14017
CFFEX.IF.HOT,201703171000,LONG,OPEN,3457.2,2,DT_EnterLong,47.71,14021
CFFEX.IF.HOT,201703171310,LONG,CLOSE,3451.4,2,DT_ExitLong,47.63,14041
CFFEX.IF.HOT,201703221040,SHORT,OPEN,3420,2,DT_EnterShort,47.2,14173
CFFEX.IF.HOT,201703230935,SHORT,CLOSE,3426,2,DT_ExitShort,47.28,14208
CFFEX.IF.HOT,201703230940,LONG,OPEN,3434.4,2,DT_EnterLong,47.39,14209
CFFEX.IF.HOT,201703231350,LONG,CLOSE,3416.8,2,DT_ExitLong,47.15,14241
CFFEX.IF.HOT,201703240940,LONG,OPEN,3444,2,DT_EnterLong,47.53,14257
CFFEX.IF.HOT,201703271345,LONG,CLOSE,3466.4,2,DT_ExitLong,47.84,14336
CFFEX.IF.HOT,201703291130,LONG,OPEN,3468.8,2,DT_EnterLong,47.87,14423
CFFEX.IF.HOT,201704071110,LONG,CLOSE,3500.4,2,DT_ExitLong,48.31,14659
CFFEX.IF.HOT,201704101130,SHORT,OPEN,3504,2,DT_EnterShort,48.36,14711
CFFEX.IF.HOT,201704111010,SHORT,CLOSE,3513,2,DT_ExitShort,48.48,14743
CFFEX.IF.HOT,201704111040,SHORT,OPEN,3496.2,2,DT_EnterShort,48.25,14749
CFFEX.IF.HOT,201704111450,SHORT,CLOSE,3506,2,DT_ExitShort,48.38,14781
CFFEX.IF.HOT,201704121445,SHORT,OPEN,3496.4,2,DT_EnterShort,48.25,14828
CFFEX.IF.HOT,201704180945,SHORT,CLOSE,3474,2,DT_ExitShort,47.94,14978
CFFEX.IF.HOT,201704201305,LONG,OPEN,3439.2,2,DT_EnterLong,47.46,15096
CFFEX.IF.HOT,201704211355,LONG,CLOSE,3434.6,2,DT_ExitLong,47.4,15154
CFFEX.IF.HOT,201704261455,SHORT,OPEN,3431.4,2,DT_EnterShort,47.35,15310
CFFEX.IF.HOT,201704271405,SHORT,CLOSE,3428,2,DT_ExitShort,47.31,15348
CFFEX.IF.HOT,201705021045,LONG,OPEN,3417.2,2,DT_EnterLong,47.16,15422
CFFEX.IF.HOT,201705021115,LONG,CLOSE,3411.2,2,DT_ExitLong,47.07,15428
CFFEX.IF.HOT,201705021120,SHORT,OPEN,3408.6,2,DT_EnterShort,47.04,15429
CFFEX.IF.HOT,201705041130,SHORT,CLOSE,3401.8,2,DT_ExitShort,46.94,15527
CFFEX.IF.HOT,201705091305,LONG,OPEN,3347,2,DT_EnterLong,46.19,15672
CFFEX.IF.HOT,201705091345,LONG,CLOSE,3335,2,DT_ExitLong,46.02,15680
CFFEX.IF.HOT,201705091450,LONG,OPEN,3344.4,2,DT_EnterLong,46.15,15693
CFFEX.IF.HOT,201705171120,LONG,CLOSE,3398.2,2,DT_ExitLong,46.9,15957
CFFEX.IF.HOT,201705191055,SHORT,OPEN,3379,2,DT_EnterShort,46.63,16048
CFFEX.IF.HOT,201705191315,SHORT,CLOSE,3379.8,2,DT_ExitShort,46.64,16058
CFFEX.IF.HOT,201705191500,LONG,OPEN,3380.8,2,DT_EnterLong,46.66,16079
CFFEX.IF.HOT,201705221325,LONG,CLOSE,3382.8,2,DT_ExitLong,46.68,16108
CFFEX.IF.HOT,201705231010,LONG,OPEN,3396.6,2,DT_EnterLong,46.87,16135
CFFEX.IF.HOT,201705231420,LONG,CLOSE,3391.8,2,DT_ExitLong,46.81,16167
CFFEX.IF.HOT,201705231430,SHORT,OPEN,3388.8,2,DT_EnterShort,46.77,16169
CFFEX.IF.HOT,201705310950,SHORT,CLOSE,3504.2,2,DT_ExitShort,48.36,16323
CFFEX.IF.HOT,201705310955,LONG,OPEN,3512.8,2,DT_EnterLong,48.48,16324
CFFEX.IF.HOT,201705311305,LONG,CLOSE,3466.8,2,DT_ExitLong,47.84,16344
CFFEX.IF.HOT,201706011055,LONG,OPEN,3483.6,2,DT_EnterLong,48.07,16384
CFFEX.IF.HOT,201706021025,LONG,CLOSE,3480.8,2,DT_ExitLong,48.04,16426
CFFEX.IF.HOT,201706021430,LONG,OPEN,3489.8,2,DT_EnterLong,48.16,16457
CFFEX.IF.HOT,201706051000,LONG,CLOSE,3467.2,2,DT_ExitLong,47.85,16469
CFFEX.IF.HOT,201706061335,LONG,OPEN,3471.2,2,DT_EnterLong,47.9,16542
CFFEX.IF.HOT,201706121310,LONG,CLOSE,3566.8,2,DT_ExitLong,49.22,16729
CFFEX.IF.HOT,201706121315,SHORT,OPEN,3568.4,2,DT_EnterShort,49.24,16730
CFFEX.IF.HOT,201706131130,SHORT,CLOSE,3578.4,2,DT_ExitShort,49.38,16775
CFFEX.IF.HOT,201706141010,SHORT,OPEN,3562.8,2,DT_EnterShort,49.17,16807
CFFEX.IF.HOT,201706191010,SHORT,CLOSE,3516.4,2,DT_ExitShort,48.53,16951
CFFEX.IF.HOT,201706201045,SHORT,OPEN,3519,2,DT_EnterShort,48.56,17006
CFFEX.IF.HOT,201706211015,SHORT,CLOSE,3542.2,2,DT_ExitShort,48.88,17048
CFFEX.IF.HOT,201706211400,SHORT,OPEN,3526.2,2,DT_EnterShort,48.66,17075
CFFEX.IF.HOT,201706231440,SHORT,CLOSE,3571.8,2,DT_ExitShort,49.29,17179
CFFEX.IF.HOT,201706271025,SHORT,OPEN,3636.2,2,DT_EnterShort,50.18,17242
CFFEX.IF.HOT,201706271125,SHORT,CLOSE,3640,2,DT_ExitShort,50.23,17254
CFFEX.IF.HOT,201706271435,LONG,OPEN,3646,2,DT_EnterLong,50.31,17274
CFFEX.IF.HOT,201706281030,LONG,CLOSE,3630.2,2,DT_ExitLong,50.1,17291
CFFEX.IF.HOT,201706281355,SHORT,OPEN,3631,2,DT_EnterShort,50.11,17314
CFFEX.IF.HOT,201706291015,SHORT,CLOSE,3633.6,2,DT_ExitShort,50.14,17336
CFFEX.IF.HOT,201706291055,SHORT,OPEN,3630.6,2,DT_EnterShort,50.1,17344
CFFEX.IF.HOT,201706291305,SHORT,CLOSE,3643.4,2,DT_ExitShort,50.28,17352
CFFEX.IF.HOT,201706291310,LONG,OPEN,3645.8,2,DT_EnterLong,50.31,17353
CFFEX.IF.HOT,201706301015,LONG,CLOSE,3634.4,2,DT_ExitLong,50.15,17384
CFFEX.IF.HOT,201706301020,SHORT,OPEN,3634.8,2,DT_EnterShort,50.16,17385
CFFEX.IF.HOT,201706301400,SHORT,CLOSE,3646.8,2,DT_ExitShort,50.33,17411
CFFEX.IF.HOT,201707031015,SHORT,OPEN,3624.6,2,DT_EnterShort,50.02,17432
CFFEX.IF.HOT,201707051100,SHORT,CLOSE,3605.2,2,DT_ExitShort,49.75,17537
CFFEX.IF.HOT,201707061440,LONG,OPEN,3644.6,2,DT_EnterLong,50.3,17611
CFFEX.IF.HOT,201707121105,LONG,CLOSE,3656.8,2,DT_ExitLong,50.46,17778
CFFEX.IF.HOT,201707141325,LONG,OPEN,3675,2,DT_EnterLong,50.72,17884
CFFEX.IF.HOT,201707171010,LONG,CLOSE,3665.6,2,DT_ExitLong,50.59,17911
CFFEX.IF.HOT,201707171120,LONG,OPEN,3692.4,2,DT_EnterLong,50.96,17925
CFFEX.IF.HOT,201707171425,LONG,CLOSE,3653.2,2,DT_ExitLong,50.41,17944
CFFEX.IF.HOT,201707181445,LONG,OPEN,3654,2,DT_EnterLong,50.43,17996
CFFEX.IF.HOT,201707241335,LONG,CLOSE,3730.2,2,DT_ExitLong,51.48,18174
CFFEX.IF.HOT,201707241345,LONG,OPEN,3735.2,2,DT_EnterLong,51.55,18176
CFFEX.IF.HOT,201707251000,LONG,CLOSE,3717.6,2,DT_ExitLong,51.3,18197
CFFEX.IF.HOT,201707271330,LONG,OPEN,3688.2,2,DT_EnterLong,50.9,18317
CFFEX.IF.HOT,201707311025,LONG,CLOSE,3701.2,2,DT_ExitLong,51.08,18394
CFFEX.IF.HOT,201707311055,LONG,OPEN,3713.8,2,DT_EnterLong,51.25,18400
CFFEX.IF.HOT,201708011430,LONG,CLOSE,3736.8,2,DT_ExitLong,51.57,18473
CFFEX.IF.HOT,201708021450,SHORT,OPEN,3750.4,2,DT_EnterShort,51.76,18525
CFFEX.IF.HOT,201708041335,SHORT,CLOSE,3730,2,DT_ExitShort,51.47,18606
CFFEX.IF.HOT,201708041425,SHORT,OPEN,3715.6,2,DT_EnterShort,51.28,18616
CFFEX.IF.HOT,201708071410,SHORT,CLOSE,3715.4,2,DT_ExitShort,51.27,18661
CFFEX.IF.HOT,201708081350,LONG,OPEN,3721.6,2,DT_EnterLong,51.36,18705
CFFEX.IF.HOT,201708090940,LONG,CLOSE,3711.8,2,DT_ExitLong,51.22,18721
CFFEX.IF.HOT,201708091050,LONG,OPEN,3716.6,2,DT_EnterLong,51.29,18735
CFFEX.IF.HOT,201708101115,LONG,CLOSE,3713.4,2,DT_ExitLong,51.24,18788
CFFEX.IF.HOT,201708141050,LONG,OPEN,3664.8,2,DT_EnterLong,50.57,18879
CFFEX.IF.HOT,201708151405,LONG,CLOSE,3688.6,2,DT_ExitLong,50.9,18948
CFFEX.IF.HOT,201708161420,LONG,OPEN,3677.6,2,DT_EnterLong,50.75,18999
CFFEX.IF.HOT,201708161500,LONG,CLOSE,3672.8,2,DT_ExitLong,50.68,19007
CFFEX.IF.HOT,201708170940,LONG,OPEN,3690.8,2,DT_EnterLong,50.93,19009
CFFEX.IF.HOT,201708181115,LONG,CLOSE,3684.4,2,DT_ExitLong,50.84,19076
CFFEX.IF.HOT,201708181335,LONG,OPEN,3704.6,2,DT_EnterLong,51.12,19086
CFFEX.IF.HOT,201708241035,LONG,CLOSE,3732.4,2,DT_ExitLong,51.51,19260
CFFEX.IF.HOT,201708251005,LONG,OPEN,3749,2,DT_EnterLong,51.74,19302
CFFEX.IF.HOT,201708301340,LONG,CLOSE,3837.8,2,DT_ExitLong,52.96,19471
CFFEX.IF.HOT,201708301445,LONG,OPEN,3844.2,2,DT_EnterLong,53.05,19484
CFFEX.IF.HOT,201708301500,LONG,CLOSE,3836.2,2,DT_ExitLong,52.94,19487
CFFEX.IF.HOT,201708310935,SHORT,OPEN,3838.8,2,DT_EnterShort,52.98,19488
CFFEX.IF.HOT,201709041320,SHORT,CLOSE,3843.2,2,DT_ExitShort,53.04,19611
CFFEX.IF.HOT,201709041450,SHORT,OPEN,3835.4,2,DT_EnterShort,52.93,19629
CFFEX.IF.HOT,201709061345,SHORT,CLOSE,3856.2,2,DT_ExitShort,53.22,19712
CFFEX.IF.HOT,201709071110,SHORT,OPEN,3844.8,2,DT_EnterShort,53.06,19747
CFFEX.IF.HOT,201709111015,SHORT,CLOSE,3842.2,2,DT_ExitShort,53.02,19832
CFFEX.IF.HOT,201709111020,LONG,OPEN,3841.6,2,DT_EnterLong,53.01,19833
CFFEX.IF.HOT,201709111320,LONG,CLOSE,3825.2,2,DT_ExitLong,52.79,19851
CFFEX.IF.HOT,201709111445,SHORT,OPEN,3826.2,2,DT_EnterShort,52.8,19868
CFFEX.IF.HOT,201709121120,SHORT,CLOSE,3831.6,2,DT_ExitShort,52.88,19893
CFFEX.IF.HOT,201709130945,SHORT,OPEN,3836.8,2,DT_EnterShort,52.95,19922
CFFEX.IF.HOT,201709131125,SHORT,CLOSE,3840.8,2,DT_ExitShort,53,19942
CFFEX.IF.HOT,201709131305,LONG,OPEN,3838.4,2,DT_EnterLong,52.97,19944
CFFEX.IF.HOT,201709141125,LONG,CLOSE,3836.4,2,DT_ExitLong,52.94,19990
CFFEX.IF.HOT,201709151315,LONG,OPEN,3830.2,2,DT_EnterLong,52.86,20042
CFFEX.IF.HOT,201709151405,LONG,CLOSE,3819.8,2,DT_ExitLong,52.71,20052
CFFEX.IF.HOT,201709151415,SHORT,OPEN,3817,2,DT_EnterShort,52.67,20054
CFFEX.IF.HOT,201709211115,SHORT,CLOSE,3847.8,2,DT_ExitShort,53.1,20228
CFFEX.IF.HOT,201709211410,SHORT,OPEN,3838.6,2,DT_EnterShort,52.97,20245
CFFEX.IF.HOT,201709221500,SHORT,CLOSE,3829.6,2,DT_ExitShort,52.85,20303
CFFEX.IF.HOT,201709261105,LONG,OPEN,3817.2,2,DT_EnterLong,52.68,20370
CFFEX.IF.HOT,201709261410,LONG,CLOSE,3811.8,2,DT_ExitLong,52.6,20389
CFFEX.IF.HOT,201709261415,SHORT,OPEN,3812.8,2,DT_EnterShort,52.62,20390
CFFEX.IF.HOT,201709270950,SHORT,CLOSE,3818,2,DT_ExitShort,52.69,20403
CFFEX.IF.HOT,201709281420,LONG,OPEN,3825.8,2,DT_EnterLong,52.8,20487
CFFEX.IF.HOT,201710091450,LONG,CLOSE,3886.2,2,DT_ExitLong,53.63,20589
CFFEX.IF.HOT,201710101435,LONG,OPEN,3890.4,2,DT_EnterLong,53.69,20634
CFFEX.IF.HOT,201710161340,LONG,CLOSE,3922.4,2,DT_ExitLong,54.13,20815
CFFEX.IF.HOT,201710171315,LONG,OPEN,3924,2,DT_EnterLong,54.15,20858
CFFEX.IF.HOT,201710171430,LONG,CLOSE,3916,2,DT_ExitLong,54.04,20873
CFFEX.IF.HOT,201710191335,SHORT,OPEN,3927.6,2,DT_EnterShort,54.2,20958
CFFEX.IF.HOT,201710191405,SHORT,CLOSE,3932.6,2,DT_ExitShort,54.27,20964
CFFEX.IF.HOT,201710191450,SHORT,OPEN,3923.4,2,DT_EnterShort,54.14,20973
CFFEX.IF.HOT,201710231345,SHORT,CLOSE,3915.8,2,DT_ExitShort,54.04,21056
CFFEX.IF.HOT,201710271305,SHORT,OPEN,4002.2,2,DT_EnterShort,55.23,21240
CFFEX.IF.HOT,201710271320,SHORT,CLOSE,4001.4,2,DT_ExitShort,55.22,21243
CFFEX.IF.HOT,201710301015,SHORT,OPEN,3969.6,2,DT_EnterShort,54.78,21272
CFFEX.IF.HOT,201710311405,SHORT,CLOSE,3987.8,2,DT_ExitShort,55.03,21348
CFFEX.IF.HOT,201710311415,LONG,OPEN,3985.6,2,DT_EnterLong,55,21350
CFFEX.IF.HOT,201711011340,LONG,CLOSE,3983.8,2,DT_ExitLong,54.98,21391
CFFEX.IF.HOT,201711030935,LONG,OPEN,3985.6,2,DT_EnterLong,55,21456
CFFEX.IF.HOT,201711081440,LONG,CLOSE,4043.6,2,DT_ExitLong,55.8,21643
CFFEX.IF.HOT,201711091425,LONG,OPEN,4057,2,DT_EnterLong,55.99,21688
CFFEX.IF.HOT,201711140940,LONG,CLOSE,4124.4,2,DT_ExitLong,56.92,21793
CFFEX.IF.HOT,201711161020,LONG,OPEN,4090,2,DT_EnterLong,56.44,21897
CFFEX.IF.HOT,201711200950,LONG,CLOSE,4095.8,2,DT_ExitLong,56.52,21987
CFFEX.IF.HOT,201711200955,SHORT,OPEN,4089.4,2,DT_EnterShort,56.43,21988
CFFEX.IF.HOT,201711201415,SHORT,CLOSE,4116.6,2,DT_ExitShort,56.81,22022
CFFEX.IF.HOT,201711221410,SHORT,OPEN,4219.4,2,DT_EnterShort,58.23,22117
CFFEX.IF.HOT,201711241440,SHORT,CLOSE,4101,2,DT_ExitShort,56.59,22219
CFFEX.IF.HOT,201711270950,SHORT,OPEN,4047.4,2,DT_EnterShort,55.85,22227
CFFEX.IF.HOT,201711281415,SHORT,CLOSE,4042.2,2,DT_ExitShort,55.78,22310
CFFEX.IF.HOT,201711291030,SHORT,OPEN,4015.8,2,DT_EnterShort,55.42,22331
CFFEX.IF.HOT,201711291425,SHORT,CLOSE,4048.8,2,DT_ExitShort,55.87,22360
CFFEX.IF.HOT,201711301335,SHORT,OPEN,4015.4,2,DT_EnterShort,55.41,22398
CFFEX.IF.HOT,201712011055,SHORT,CLOSE,4008,2,DT_ExitShort,55.31,22432
CFFEX.IF.HOT,201712011100,LONG,OPEN,4006.8,2,DT_EnterLong,55.29,22433
CFFEX.IF.HOT,201712011120,LONG,CLOSE,3992.2,2,DT_ExitLong,55.09,22437
CFFEX.IF.HOT,201712011125,SHORT,OPEN,3992.8,2,DT_EnterShort,55.1,22438
CFFEX.IF.HOT,201712041050,SHORT,CLOSE,3995.2,2,DT_ExitShort,55.13,22479
CFFEX.IF.HOT,201712060950,SHORT,OPEN,4004.8,2,DT_EnterShort,55.27,22563
CFFEX.IF.HOT,201712071000,SHORT,CLOSE,3999.6,2,DT_ExitShort,55.19,22613
CFFEX.IF.HOT,201712071005,LONG,OPEN,3995.6,2,DT_EnterLong,55.14,22614
CFFEX.IF.HOT,201712071045,LONG,CLOSE,3978.4,2,DT_ExitLong,54.9,22622
CFFEX.IF.HOT,201712081030,LONG,OPEN,3977,2,DT_EnterLong,54.88,22667
CFFEX.IF.HOT,201712081115,LONG,CLOSE,3962.8,2,DT_ExitLong,54.69,22676
CFFEX.IF.HOT,201712081305,LONG,OPEN,3982,2,DT_EnterLong,54.95,22680
CFFEX.IF.HOT,201712121340,LONG,CLOSE,4043.6,2,DT_ExitLong,55.8,22783
CFFEX.IF.HOT,201712121345,SHORT,OPEN,4043.2,2,DT_EnterShort,55.8,22784
CFFEX.IF.HOT,201712131400,SHORT,CLOSE,4040.4,2,DT_ExitShort,55.76,22835
CFFEX.IF.HOT,201712141100,SHORT,OPEN,4020.8,2,DT_EnterShort,55.49,22865
CFFEX.IF.HOT,201712181005,SHORT,CLOSE,4007.2,2,DT_ExitShort,55.3,22950
CFFEX.IF.HOT,201712181325,SHORT,OPEN,3980.8,2,DT_EnterShort,54.94,22972
CFFEX.IF.HOT,201712190955,SHORT,CLOSE,4000.8,2,DT_ExitShort,55.21,22996
CFFEX.IF.HOT,201712191000,LONG,OPEN,4010.2,2,DT_EnterLong,55.34,22997
CFFEX.IF.HOT,201712201340,LONG,CLOSE,4032.8,2,DT_ExitLong,55.65,23071
CFFEX.IF.HOT,201712211105,LONG,OPEN,4055,2,DT_EnterLong,55.96,23106
CFFEX.IF.HOT,201712271035,LONG,CLOSE,4045.2,2,DT_ExitLong,55.82,23292
CFFEX.IF.HOT,201712271040,SHORT,OPEN,4052.8,2,DT_EnterShort,55.93,23293
CFFEX.IF.HOT,201801041315,SHORT,CLOSE,4135.8,2,DT_ExitShort,57.07,23546
CFFEX.IF.HOT,201801051110,LONG,OPEN,4135.8,2,DT_EnterLong,57.07,23587
CFFEX.IF.HOT,201801111050,LONG,CLOSE,4198.8,2,DT_ExitLong,57.94,23775
CFFEX.IF.HOT,201801111320,LONG,OPEN,4202.2,2,DT_EnterLong,57.99,23787
CFFEX.IF.HOT,201801121350,LONG,CLOSE,4206.6,2,DT_ExitLong,58.05,23841
CFFEX.IF.HOT,201801121435,LONG,OPEN,4222.8,2,DT_EnterLong,58.27,23850
CFFEX.IF.HOT,201801161445,LONG,CLOSE,4246.4,2,DT_ExitLong,58.6,23948
CFFEX.IF.HOT,201801171315,SHORT,OPEN,4252.8,2,DT_EnterShort,58.69,23978
CFFEX.IF.HOT,201801180955,SHORT,CLOSE,4283,2,DT_ExitShort,59.11,24004
CFFEX.IF.HOT,201801181340,SHORT,OPEN,4262.6,2,DT_EnterShort,58.82,24031
CFFEX.IF.HOT,201801241320,SHORT,CLOSE,4400.8,2,DT_ExitShort,60.73,24219
CFFEX.IF.HOT,201801251005,SHORT,OPEN,4375.2,2,DT_EnterShort,60.38,24246
CFFEX.IF.HOT,201801251415,SHORT,CLOSE,4393.4,2,DT_ExitShort,60.63,24278
CFFEX.IF.HOT,201801251420,LONG,OPEN,4397.2,2,DT_EnterLong,60.68,24279
CFFEX.IF.HOT,201801260940,LONG,CLOSE,4378,2,DT_ExitLong,60.42,24289
CFFEX.IF.HOT,201801261000,SHORT,OPEN,4383.4,2,DT_EnterShort,60.49,24293
CFFEX.IF.HOT,201801311310,SHORT,CLOSE,4290,2,DT_ExitShort,59.2,24457
CFFEX.IF.HOT,201801311410,SHORT,OPEN,4269.2,2,DT_EnterShort,58.91,24469
CFFEX.IF.HOT,201801311500,SHORT,CLOSE,4279.4,2,DT_ExitShort,59.06,24479
CFFEX.IF.HOT,201802011055,SHORT,OPEN,4255.6,2,DT_EnterShort,58.73,24496
CFFEX.IF.HOT,201802021045,SHORT,CLOSE,4258.2,2,DT_ExitShort,58.76,24542
CFFEX.IF.HOT,201802060950,SHORT,OPEN,4201.8,2,DT_EnterShort,57.98,24627
CFFEX.IF.HOT,201802071005,SHORT,CLOSE,4188,2,DT_ExitShort,57.79,24678
CFFEX.IF.HOT,201802071110,SHORT,OPEN,4070.6,2,DT_EnterShort,56.17,24691
CFFEX.IF.HOT,201802121005,SHORT,CLOSE,3832,2,DT_ExitShort,52.88,24822
CFFEX.IF.HOT,201802141335,LONG,OPEN,3930.4,2,DT_EnterLong,54.24,24942
CFFEX.IF.HOT,201802271045,LONG,CLOSE,4071.4,2,DT_ExitLong,56.19,25118
CFFEX.IF.HOT,201802281455,SHORT,OPEN,4010.6,2,DT_EnterShort,55.35,25198
CFFEX.IF.HOT,201803011035,SHORT,CLOSE,4031.4,2,DT_ExitShort,55.63,25212
CFFEX.IF.HOT,201803050945,LONG,OPEN,4037.6,2,DT_EnterLong,55.72,25298
CFFEX.IF.HOT,201803051035,LONG,CLOSE,4004.2,2,DT_ExitLong,55.26,25308
CFFEX.IF.HOT,201803060955,LONG,OPEN,4014.4,2,DT_EnterLong,55.4,25348
CFFEX.IF.HOT,201803151405,LONG,CLOSE,4078.4,2,DT_ExitLong,56.28,25716
CFFEX.IF.HOT,201803151445,LONG,OPEN,4086.6,2,DT_EnterLong,56.4,25724
CFFEX.IF.HOT,201803161015,LONG,CLOSE,4079.8,2,DT_ExitLong,56.3,25736
CFFEX.IF.HOT,201803161020,SHORT,OPEN,4083.8,2,DT_EnterShort,56.36,25737
CFFEX.IF.HOT,201803161035,SHORT,CLOSE,4087.6,2,DT_ExitShort,56.41,25740
CFFEX.IF.HOT,201803161040,SHORT,OPEN,4081,2,DT_EnterShort,56.32,25741
CFFEX.IF.HOT,201803191415,SHORT,CLOSE,4051.2,2,DT_ExitShort,55.91,25814
CFFEX.IF.HOT,201803201350,LONG,OPEN,4047.6,2,DT_EnterLong,55.86,25857
CFFEX.IF.HOT,201803211430,LONG,CLOSE,4058.8,2,DT_ExitLong,56.01,25913
CFFEX.IF.HOT,201803261310,SHORT,OPEN,3814.8,2,DT_EnterShort,52.64,26041
CFFEX.IF.HOT,201804020955,SHORT,CLOSE,3906.8,2,DT_ExitShort,53.91,26260
CFFEX.IF.HOT,201804021345,SHORT,OPEN,3893.8,2,DT_EnterShort,53.73,26288
CFFEX.IF.HOT,201804031455,SHORT,CLOSE,3855.4,2,DT_ExitShort,53.2,26350
CFFEX.IF.HOT,201804041425,SHORT,OPEN,3859.2,2,DT_EnterShort,53.26,26392
CFFEX.IF.HOT,201804091320,SHORT,CLOSE,3862.8,2,DT_ExitShort,53.31,26427
CFFEX.IF.HOT,201804091405,SHORT,OPEN,3843,2,DT_EnterShort,53.03,26436
CFFEX.IF.HOT,201804101005,SHORT,CLOSE,3853.8,2,DT_ExitShort,53.18,26454
CFFEX.IF.HOT,201804131025,LONG,OPEN,3905.8,2,DT_EnterLong,53.9,26602
CFFEX.IF.HOT,201804131030,LONG,CLOSE,3903,2,DT_ExitLong,53.86,26603
CFFEX.IF.HOT,201804181400,LONG,OPEN,3762.2,2,DT_EnterLong,51.92,26771
CFFEX.IF.HOT,201804231345,LONG,CLOSE,3733.8,2,DT_ExitLong,51.53,26912
CFFEX.IF.HOT,201804231350,SHORT,OPEN,3732.6,2,DT_EnterShort,51.51,26913
CFFEX.IF.HOT,201804240940,SHORT,CLOSE,3784.2,2,DT_ExitShort,52.22,26929
CFFEX.IF.HOT,201804271425,LONG,OPEN,3746.6,2,DT_EnterLong,51.7,27112
CFFEX.IF.HOT,201805021320,LONG,CLOSE,3736.4,2,DT_ExitLong,51.56,27147
CFFEX.IF.HOT,201805030940,LONG,OPEN,3749.4,2,DT_EnterLong,51.74,27169
CFFEX.IF.HOT,201805031010,LONG,CLOSE,3738.4,2,DT_ExitLong,51.59,27175
CFFEX.IF.HOT,201805071020,LONG,OPEN,3800.2,2,DT_EnterLong,52.44,27273
CFFEX.IF.HOT,201805091355,LONG,CLOSE,3869.4,2,DT_ExitLong,53.4,27394
CFFEX.IF.HOT,201805101340,LONG,OPEN,3877.2,2,DT_EnterLong,53.51,27439
CFFEX.IF.HOT,201805111435,LONG,CLOSE,3875.2,2,DT_ExitLong,53.48,27498
CFFEX.IF.HOT,201805140955,LONG,OPEN,3899.6,2,DT_EnterLong,53.81,27508
CFFEX.IF.HOT,201805151020,LONG,CLOSE,3905.8,2,DT_ExitLong,53.9,27561
CFFEX.IF.HOT,201805161000,SHORT,OPEN,3883.6,2,DT_EnterShort,53.59,27605
CFFEX.IF.HOT,201805181120,SHORT,CLOSE,3855.6,2,DT_ExitShort,53.21,27717
CFFEX.IF.HOT,201805181345,SHORT,OPEN,3844,2,DT_EnterShort,53.05,27728
CFFEX.IF.HOT,201805230935,SHORT,CLOSE,3885.2,2,DT_ExitShort,53.62,27840
CFFEX.IF.HOT,201805230955,SHORT,OPEN,3873.6,2,DT_EnterShort,53.46,27844
CFFEX.IF.HOT,201805281040,SHORT,CLOSE,3818.2,2,DT_ExitShort,52.69,27997
CFFEX.IF.HOT,201805290950,LONG,OPEN,3820,2,DT_EnterLong,52.72,28035
CFFEX.IF.HOT,201805291020,LONG,CLOSE,3808.8,2,DT_ExitLong,52.56,28041
CFFEX.IF.HOT,201805311020,LONG,OPEN,3738.6,2,DT_EnterLong,51.59,28137
CFFEX.IF.HOT,201806011120,LONG,CLOSE,3752.8,2,DT_ExitLong,51.79,28197
CFFEX.IF.HOT,201806011125,SHORT,OPEN,3755.4,2,DT_EnterShort,51.82,28198
CFFEX.IF.HOT,201806040955,SHORT,CLOSE,3794.8,2,DT_ExitShort,52.37,28228
CFFEX.IF.HOT,201806061350,LONG,OPEN,3821,2,DT_EnterLong,52.73,28353
CFFEX.IF.HOT,201806071345,LONG,CLOSE,3820.8,2,DT_ExitLong,52.73,28400
CFFEX.IF.HOT,201806111040,LONG,OPEN,3762,2,DT_EnterLong,51.92,28477
CFFEX.IF.HOT,201806141050,LONG,CLOSE,3776.8,2,DT_ExitLong,52.12,28623
CFFEX.IF.HOT,201806201345,LONG,OPEN,3601.8,2,DT_EnterLong,49.7,28784
CFFEX.IF.HOT,201806211320,LONG,CLOSE,3583,2,DT_ExitLong,49.45,28827
CFFEX.IF.HOT,201806221315,LONG,OPEN,3565.6,2,DT_EnterLong,49.21,28874
CFFEX.IF.HOT,201806221415,LONG,CLOSE,3549.4,2,DT_ExitLong,48.98,28886
CFFEX.IF.HOT,201806221440,LONG,OPEN,3562.2,2,DT_EnterLong,49.16,28891
CFFEX.IF.HOT,201806281355,LONG,CLOSE,3400,2,DT_ExitLong,46.92,29074
CFFEX.IF.HOT,201806281400,SHORT,OPEN,3402.2,2,DT_EnterShort,46.95,29075
CFFEX.IF.HOT,201806291025,SHORT,CLOSE,3422,2,DT_ExitShort,47.22,29098
CFFEX.IF.HOT,201807021040,SHORT,OPEN,3432.8,2,DT_EnterShort,47.37,29149
CFFEX.IF.HOT,201807031400,SHORT,CLOSE,3362.8,2,DT_ExitShort,46.41,29219
CFFEX.IF.HOT,201807041305,SHORT,OPEN,3335.2,2,DT_EnterShort,46.03,29256
CFFEX.IF.HOT,201807051010,SHORT,CLOSE,3339,2,DT_ExitShort,46.08,29287
CFFEX.IF.HOT,201807051050,LONG,OPEN,3354.6,2,DT_EnterLong,46.29,29295
CFFEX.IF.HOT,201807051305,LONG,CLOSE,3306,2,DT_ExitLong,45.62,29304
CFFEX.IF.HOT,201807061320,LONG,OPEN,3355.4,2,DT_EnterLong,46.3,29355
CFFEX.IF.HOT,201807101330,LONG,CLOSE,3417.6,2,DT_ExitLong,47.16,29453
CFFEX.IF.HOT,201807101335,SHORT,OPEN,3413.2,2,DT_EnterShort,47.1,29454
CFFEX.IF.HOT,201807131310,SHORT,CLOSE,3486.2,2,DT_ExitShort,48.11,29593
CFFEX.IF.HOT,201807131320,LONG,OPEN,3485.4,2,DT_EnterLong,48.1,29595
CFFEX.IF.HOT,201807131355,LONG,CLOSE,3475.6,2,DT_ExitLong,47.96,29602
CFFEX.IF.HOT,201807131405,SHORT,OPEN,3474.6,2,DT_EnterShort,47.95,29604
CFFEX.IF.HOT,201807131435,SHORT,CLOSE,3485,2,DT_ExitShort,48.09,29610
CFFEX.IF.HOT,201807131445,LONG,OPEN,3476.6,2,DT_EnterLong,47.98,29612
CFFEX.IF.HOT,201807161000,LONG,CLOSE,3463,2,DT_ExitLong,47.79,29621
CFFEX.IF.HOT,201807180935,LONG,OPEN,3458.8,2,DT_EnterLong,47.73,29712
CFFEX.IF.HOT,201807181420,LONG,CLOSE,3425.2,2,DT_ExitLong,47.27,29751
CFFEX.IF.HOT,201807191020,LONG,OPEN,3443.4,2,DT_EnterLong,47.52,29769
CFFEX.IF.HOT,201807191040,LONG,CLOSE,3449.4,2,DT_ExitLong,47.6,29773
CFFEX.IF.HOT,201807191045,SHORT,OPEN,3451,2,DT_EnterShort,47.62,29774
CFFEX.IF.HOT,201807201350,SHORT,CLOSE,3467.6,2,DT_ExitShort,47.85,29841
CFFEX.IF.HOT,201807271340,SHORT,OPEN,3524,2,DT_EnterShort,48.63,30079
CFFEX.IF.HOT,201807301005,SHORT,CLOSE,3538,2,DT_ExitShort,48.82,30102
CFFEX.IF.HOT,201807301100,SHORT,OPEN,3509.8,2,DT_EnterShort,48.44,30113
CFFEX.IF.HOT,201807311100,SHORT,CLOSE,3516,2,DT_ExitShort,48.52,30161
CFFEX.IF.HOT,201807311335,SHORT,OPEN,3499.4,2,DT_EnterShort,48.29,30174
CFFEX.IF.HOT,201808071100,SHORT,CLOSE,3306.8,2,DT_ExitShort,45.63,30401
CFFEX.IF.HOT,201808071105,LONG,OPEN,3301.2,2,DT_EnterLong,45.56,30402
CFFEX.IF.HOT,201808081120,LONG,CLOSE,3323.2,2,DT_ExitLong,45.86,30453
CFFEX.IF.HOT,201808081125,SHORT,OPEN,3320.8,2,DT_EnterShort,45.83,30454
CFFEX.IF.HOT,201808091015,SHORT,CLOSE,3350.6,2,DT_ExitShort,46.24,30488
CFFEX.IF.HOT,201808101115,SHORT,OPEN,3390.8,2,DT_EnterShort,46.79,30548
CFFEX.IF.HOT,201808101500,SHORT,CLOSE,3396.2,2,DT_ExitShort,46.87,30575
CFFEX.IF.HOT,201808130945,SHORT,OPEN,3369.4,2,DT_EnterShort,46.5,30578
CFFEX.IF.HOT,201808131425,SHORT,CLOSE,3376.6,2,DT_ExitShort,46.6,30616
CFFEX.IF.HOT,201808131430,LONG,OPEN,3380.4,2,DT_EnterLong,46.65,30617
CFFEX.IF.HOT,201808141310,LONG,CLOSE,3357.2,2,DT_ExitLong,46.33,30649
CFFEX.IF.HOT,201808161330,LONG,OPEN,3285.2,2,DT_EnterLong,45.34,30749
CFFEX.IF.HOT,201808161450,LONG,CLOSE,3254.8,2,DT_ExitLong,44.92,30765
CFFEX.IF.HOT,201808171000,LONG,OPEN,3273.2,2,DT_EnterLong,45.17,30773
CFFEX.IF.HOT,201808171030,LONG,CLOSE,3260.6,2,DT_ExitLong,45,30779
CFFEX.IF.HOT,201808221000,SHORT,OPEN,3281.6,2,DT_EnterShort,45.29,30917
CFFEX.IF.HOT,201808230940,SHORT,CLOSE,3317.8,2,DT_ExitShort,45.79,30961
CFFEX.IF.HOT,201808231400,LONG,OPEN,3319.6,2,DT_EnterLong,45.81,30995
CFFEX.IF.HOT,201808240950,LONG,CLOSE,3283.6,2,DT_ExitLong,45.31,31011
CFFEX.IF.HOT,201808241000,SHORT,OPEN,3279.4,2,DT_EnterShort,45.26,31013
CFFEX.IF.HOT,201808241305,SHORT,CLOSE,3290,2,DT_ExitShort,45.4,31032
CFFEX.IF.HOT,201808301035,SHORT,OPEN,3363.4,2,DT_EnterShort,46.41,31212
CFFEX.IF.HOT,201808311315,SHORT,CLOSE,3334.8,2,DT_ExitShort,46.02,31274
CFFEX.IF.HOT,201808311320,LONG,OPEN,3336,2,DT_EnterLong,46.04,31275
CFFEX.IF.HOT,201808311415,LONG,CLOSE,3319.4,2,DT_ExitLong,45.81,31286
CFFEX.IF.HOT,201808311420,SHORT,OPEN,3321.8,2,DT_EnterShort,45.84,31287
CFFEX.IF.HOT,201809031445,SHORT,CLOSE,3314.4,2,DT_ExitShort,45.74,31340
CFFEX.IF.HOT,201809051130,SHORT,OPEN,3318.8,2,DT_EnterShort,45.8,31415
CFFEX.IF.HOT,201809071005,SHORT,CLOSE,3308.4,2,DT_ExitShort,45.66,31494
CFFEX.IF.HOT,201809071010,LONG,OPEN,3308.6,2,DT_EnterLong,45.66,31495
CFFEX.IF.HOT,201809071130,LONG,CLOSE,3256.4,2,DT_ExitLong,44.94,31511
CFFEX.IF.HOT,201809111315,LONG,OPEN,3231.4,2,DT_EnterLong,44.59,31610
CFFEX.IF.HOT,201809111355,LONG,CLOSE,3221.2,2,DT_ExitLong,44.45,31618
CFFEX.IF.HOT,201809111400,SHORT,OPEN,3219,2,DT_EnterShort,44.42,31619
CFFEX.IF.HOT,201809130945,SHORT,CLOSE,3240.2,2,DT_ExitShort,44.71,31682
CFFEX.IF.HOT,201809131110,SHORT,OPEN,3205.2,2,DT_EnterShort,44.23,31699
CFFEX.IF.HOT,201809131415,SHORT,CLOSE,3229.2,2,DT_ExitShort,44.56,31718
CFFEX.IF.HOT,201809170945,SHORT,OPEN,3215.2,2,DT_EnterShort,44.37,31778
CFFEX.IF.HOT,201809181010,SHORT,CLOSE,3230.6,2,DT_ExitShort,44.58,31831
CFFEX.IF.HOT,201809211030,SHORT,OPEN,3316.2,2,DT_EnterShort,45.76,31979
CFFEX.IF.HOT,201810101005,SHORT,CLOSE,3312.8,2,DT_ExitShort,45.72,32310
CFFEX.IF.HOT,201810101010,LONG,OPEN,3318.8,2,DT_EnterLong,45.8,32311
CFFEX.IF.HOT,201810101100,LONG,CLOSE,3275.8,2,DT_ExitLong,45.21,32321
CFFEX.IF.HOT,201810101410,LONG,OPEN,3300.4,2,DT_EnterLong,45.55,32341
CFFEX.IF.HOT,201810101420,LONG,CLOSE,3285.4,2,DT_ExitLong,45.34,32343
CFFEX.IF.HOT,201810101425,SHORT,OPEN,3283,2,DT_EnterShort,45.31,32344
CFFEX.IF.HOT,201810161025,SHORT,CLOSE,3155.8,2,DT_ExitShort,43.55,32506
CFFEX.IF.HOT,201810161105,SHORT,OPEN,3128.6,2,DT_EnterShort,43.17,32514
CFFEX.IF.HOT,201810171430,SHORT,CLOSE,3125.6,2,DT_ExitShort,43.13,32585
CFFEX.IF.HOT,201810180945,SHORT,OPEN,3083.8,2,DT_EnterShort,42.56,32594
CFFEX.IF.HOT,201810191115,SHORT,CLOSE,3072.8,2,DT_ExitShort,42.4,32660
CFFEX.IF.HOT,201810231020,SHORT,OPEN,3261.4,2,DT_EnterShort,45.01,32745
CFFEX.IF.HOT,201810241125,SHORT,CLOSE,3242.8,2,DT_ExitShort,44.75,32806
CFFEX.IF.HOT,201810241425,SHORT,OPEN,3190.2,2,DT_EnterShort,44.02,32824
CFFEX.IF.HOT,201810301110,SHORT,CLOSE,3129.6,2,DT_ExitShort,43.19,32995
CFFEX.IF.HOT,201811011430,SHORT,OPEN,3176.6,2,DT_EnterShort,43.84,33113
CFFEX.IF.HOT,201811020955,SHORT,CLOSE,3247,2,DT_ExitShort,44.81,33124
CFFEX.IF.HOT,201811021000,LONG,OPEN,3248.4,2,DT_EnterLong,44.83,33125
CFFEX.IF.HOT,201811051110,LONG,CLOSE,3253.6,2,DT_ExitLong,44.9,33187
CFFEX.IF.HOT,201811060945,LONG,OPEN,3251.8,2,DT_EnterLong,44.87,33218
CFFEX.IF.HOT,201811071405,LONG,CLOSE,3221.8,2,DT_ExitLong,44.46,33300
CFFEX.IF.HOT,201811081130,LONG,OPEN,3245.2,2,DT_EnterLong,44.78,33335
CFFEX.IF.HOT,201811081330,LONG,CLOSE,3227.6,2,DT_ExitLong,44.54,33341
CFFEX.IF.HOT,201811081335,SHORT,OPEN,3226.8,2,DT_EnterShort,44.53,33342
CFFEX.IF.HOT,201811121105,SHORT,CLOSE,3190.8,2,DT_ExitShort,44.03,33426
CFFEX.IF.HOT,201811131015,SHORT,OPEN,3193.2,2,DT_EnterShort,44.07,33464
CFFEX.IF.HOT,201811131310,SHORT,CLOSE,3223.2,2,DT_ExitShort,44.48,33481
CFFEX.IF.HOT,201811151045,LONG,OPEN,3234,2,DT_EnterLong,44.63,33566
CFFEX.IF.HOT,201811221005,LONG,CLOSE,3207.6,2,DT_ExitLong,44.26,33798
CFFEX.IF.HOT,201811221010,SHORT,OPEN,3208.4,2,DT_EnterShort,44.28,33799
CFFEX.IF.HOT,201811261320,SHORT,CLOSE,3153.2,2,DT_ExitShort,43.51,33915
CFFEX.IF.HOT,201811261325,LONG,OPEN,3146.4,2,DT_EnterLong,43.42,33916
CFFEX.IF.HOT,201811261350,LONG,CLOSE,3137.2,2,DT_ExitLong,43.29,33921
CFFEX.IF.HOT,201811271050,LONG,OPEN,3145.6,2,DT_EnterLong,43.41,33951
CFFEX.IF.HOT,201811271120,LONG,CLOSE,3138.4,2,DT_ExitLong,43.31,33957
CFFEX.IF.HOT,201811271125,SHORT,OPEN,3138.6,2,DT_EnterShort,43.31,33958
CFFEX.IF.HOT,201811271320,SHORT,CLOSE,3146.2,2,DT_ExitShort,43.42,33963
CFFEX.IF.HOT,201811271405,SHORT,OPEN,3126.6,2,DT_EnterShort,43.15,33972
CFFEX.IF.HOT,201811281050,SHORT,CLOSE,3159.4,2,DT_ExitShort,43.6,33999
CFFEX.IF.HOT,201811291330,SHORT,OPEN,3158.4,2,DT_EnterShort,43.59,34061
CFFEX.IF.HOT,201812041445,SHORT,CLOSE,3268,2,DT_ExitShort,45.1,34220
CFFEX.IF.HOT,201812051005,SHORT,OPEN,3253.2,2,DT_EnterShort,44.89,34230
CFFEX.IF.HOT,201812051105,SHORT,CLOSE,3266.6,2,DT_ExitShort,45.08,34242
CFFEX.IF.HOT,201812051355,SHORT,OPEN,3256.6,2,DT_EnterShort,44.94,34258
CFFEX.IF.HOT,201812120935,SHORT,CLOSE,3180.4,2,DT_ExitShort,43.89,34464
CFFEX.IF.HOT,201812180935,LONG,OPEN,3151.4,2,DT_EnterLong,43.49,34656
CFFEX.IF.HOT,201812181040,LONG,CLOSE,3152,2,DT_ExitLong,43.5,34669
CFFEX.IF.HOT,201812241010,LONG,OPEN,3034.6,2,DT_EnterLong,41.88,34855
CFFEX.IF.HOT,201812261335,LONG,CLOSE,2995.6,2,DT_ExitLong,41.34,34974
CFFEX.IF.HOT,201812270940,LONG,OPEN,3038.4,2,DT_EnterLong,41.93,34993
CFFEX.IF.HOT,201812271355,LONG,CLOSE,3006.8,2,DT_ExitLong,41.49,35026
CFFEX.IF.HOT,201901031005,LONG,OPEN,2984,2,DT_EnterLong,41.18,35142
CFFEX.IF.HOT,201901031125,LONG,CLOSE,2958.8,2,DT_ExitLong,40.83,35158
CFFEX.IF.HOT,201901081330,LONG,OPEN,3051.8,2,DT_EnterLong,42.11,35309
CFFEX.IF.HOT,201901091500,LONG,CLOSE,3075.8,2,DT_ExitLong,42.45,35375
CFFEX.IF.HOT,201901101455,SHORT,OPEN,3072.6,2,DT_EnterShort,42.4,35422
CFFEX.IF.HOT,201901110955,SHORT,CLOSE,3100.4,2,DT_ExitShort,42.79,35428
CFFEX.IF.HOT,201901111055,SHORT,OPEN,3073,2,DT_EnterShort,42.41,35440
CFFEX.IF.HOT,201901161400,SHORT,CLOSE,3126,2,DT_ExitShort,43.14,35603
CFFEX.IF.HOT,201901161425,LONG,OPEN,3129.8,2,DT_EnterLong,43.19,35608
CFFEX.IF.HOT,201901171450,LONG,CLOSE,3114.4,2,DT_ExitLong,42.98,35661
CFFEX.IF.HOT,201901180955,LONG,OPEN,3150.6,2,DT_EnterLong,43.48,35668
CFFEX.IF.HOT,201901211430,LONG,CLOSE,3182.2,2,DT_ExitLong,43.91,35753
CFFEX.IF.HOT,201901220940,SHORT,OPEN,3178.6,2,DT_EnterShort,43.86,35761
CFFEX.IF.HOT,201901241115,SHORT,CLOSE,3166.8,2,DT_ExitShort,43.7,35876
CFFEX.IF.HOT,201901291335,LONG,OPEN,3198.4,2,DT_EnterLong,44.14,36030
CFFEX.IF.HOT,201901301345,LONG,CLOSE,3184.6,2,DT_ExitLong,43.95,36080
CFFEX.IF.HOT,201901311015,LONG,OPEN,3194.2,2,DT_EnterLong,44.08,36104
CFFEX.IF.HOT,201901311420,LONG,CLOSE,3190,2,DT_ExitLong,44.02,36135
CFFEX.IF.HOT,201902010935,LONG,OPEN,3231.4,2,DT_EnterLong,44.59,36144
CFFEX.IF.HOT,201902151000,LONG,CLOSE,3398.2,2,DT_ExitLong,46.9,36389
CFFEX.IF.HOT,201902151005,SHORT,OPEN,3394.6,2,DT_EnterShort,46.85,36390
CFFEX.IF.HOT,201902181005,SHORT,CLOSE,3398.6,2,DT_ExitShort,46.9,36438
CFFEX.IF.HOT,201902201015,LONG,OPEN,3454.2,2,DT_EnterLong,47.67,36536
CFFEX.IF.HOT,201902201335,LONG,CLOSE,3434.8,2,DT_ExitLong,47.4,36558
CFFEX.IF.HOT,201902201440,LONG,OPEN,3453.6,2,DT_EnterLong,47.66,36571
CFFEX.IF.HOT,201902211440,LONG,CLOSE,3448.2,2,DT_ExitLong,47.59,36619
CFFEX.IF.HOT,201902221345,LONG,OPEN,3479.6,2,DT_EnterLong,48.02,36656
CFFEX.IF.HOT,201903041450,LONG,CLOSE,3783.8,2,DT_ExitLong,52.22,36957
CFFEX.IF.HOT,201903051415,LONG,OPEN,3806.6,2,DT_EnterLong,52.53,36998
CFFEX.IF.HOT,201903061420,LONG,CLOSE,3796.4,2,DT_ExitLong,52.39,37047
CFFEX.IF.HOT,201903061500,LONG,OPEN,3854.6,2,DT_EnterLong,53.19,37055
CFFEX.IF.HOT,201903071040,LONG,CLOSE,3800.8,2,DT_ExitLong,52.45,37069
CFFEX.IF.HOT,201903071440,LONG,OPEN,3835.4,2,DT_EnterLong,52.93,37099
CFFEX.IF.HOT,201903080940,LONG,CLOSE,3723.8,2,DT_ExitLong,51.39,37105
CFFEX.IF.HOT,201903080945,SHORT,OPEN,3740.4,2,DT_EnterShort,51.62,37106
CFFEX.IF.HOT,201903131410,SHORT,CLOSE,3741.8,2,DT_ExitShort,51.64,37285
CFFEX.IF.HOT,201903141010,LONG,OPEN,3736.6,2,DT_EnterLong,51.57,37303
CFFEX.IF.HOT,201903141115,LONG,CLOSE,3730.8,2,DT_ExitLong,51.49,37316
CFFEX.IF.HOT,201903151010,LONG,OPEN,3756.8,2,DT_EnterLong,51.84,37351
CFFEX.IF.HOT,201903151415,LONG,CLOSE,3736.4,2,DT_ExitLong,51.56,37382
CFFEX.IF.HOT,201903151420,SHORT,OPEN,3728.6,2,DT_EnterShort,51.45,37383
CFFEX.IF.HOT,201903180945,SHORT,CLOSE,3750.8,2,DT_ExitShort,51.76,37394
CFFEX.IF.HOT,201903181000,LONG,OPEN,3777,2,DT_EnterLong,52.12,37397
CFFEX.IF.HOT,201903201305,LONG,CLOSE,3797,2,DT_ExitLong,52.4,37512
CFFEX.IF.HOT,201903201450,LONG,OPEN,3839,2,DT_EnterLong,52.98,37533
CFFEX.IF.HOT,201903250945,LONG,CLOSE,3777,2,DT_ExitLong,52.12,37634
CFFEX.IF.HOT,201903271035,LONG,OPEN,3732.8,2,DT_EnterLong,51.51,37740
CFFEX.IF.HOT,201903281405,LONG,CLOSE,3725.6,2,DT_ExitLong,51.41,37812
CFFEX.IF.HOT,201904081320,SHORT,OPEN,4050.8,2,DT_EnterShort,55.9,38091
CFFEX.IF.HOT,201904091100,SHORT,CLOSE,4079.8,2,DT_ExitShort,56.3,38129
CFFEX.IF.HOT,201904101315,LONG,OPEN,4071.2,2,DT_EnterLong,56.18,38186
CFFEX.IF.HOT,201904151405,LONG,CLOSE,4008.8,2,DT_ExitLong,55.32,38340
CFFEX.IF.HOT,201904161310,LONG,OPEN,4040.2,2,DT_EnterLong,55.75,38377
CFFEX.IF.HOT,201904180945,LONG,CLOSE,4077.6,2,DT_ExitLong,56.27,38450
CFFEX.IF.HOT,201904181005,SHORT,OPEN,4069.8,2,DT_EnterShort,56.16,38454
CFFEX.IF.HOT,201904181110,SHORT,CLOSE,4082.2,2,DT_ExitShort,56.33,38467
CFFEX.IF.HOT,201904190955,LONG,OPEN,4097,2,DT_EnterLong,56.54,38500
CFFEX.IF.HOT,201904191050,LONG,CLOSE,4057.4,2,DT_ExitLong,55.99,38511
CFFEX.IF.HOT,201904191335,LONG,OPEN,4088.8,2,DT_EnterLong,56.43,38526
CFFEX.IF.HOT,201904221055,LONG,CLOSE,4081.4,2,DT_ExitLong,56.32,38560
CFFEX.IF.HOT,201904221100,SHORT,OPEN,4066.4,2,DT_EnterShort,56.12,38561
CFFEX.IF.HOT,201904241020,SHORT,CLOSE,4034,2,DT_ExitShort,55.67,38649
CFFEX.IF.HOT,201904241405,LONG,OPEN,4033.4,2,DT_EnterLong,55.66,38676
CFFEX.IF.HOT,201904250950,LONG,CLOSE,4004.6,2,DT_ExitLong,55.26,38691
CFFEX.IF.HOT,201904291125,LONG,OPEN,3927.8,2,DT_EnterLong,54.2,38806
CFFEX.IF.HOT,201904300945,LONG,CLOSE,3922.8,2,DT_ExitLong,54.13,38834
CFFEX.IF.HOT,201905071010,LONG,OPEN,3720.8,2,DT_EnterLong,51.35,38935
CFFEX.IF.HOT,201905071400,LONG,CLOSE,3685,2,DT_ExitLong,50.85,38963
CFFEX.IF.HOT,201905071410,SHORT,OPEN,3691.4,2,DT_EnterShort,50.94,38965
CFFEX.IF.HOT,201905071445,SHORT,CLOSE,3734,2,DT_ExitShort,51.53,38972
CFFEX.IF.HOT,201905080950,SHORT,OPEN,3672.8,2,DT_EnterShort,50.68,38979
CFFEX.IF.HOT,201905081120,SHORT,CLOSE,3701.8,2,DT_ExitShort,51.08,38997
CFFEX.IF.HOT,201905081355,SHORT,OPEN,3691.2,2,DT_EnterShort,50.94,39010
CFFEX.IF.HOT,201905100955,SHORT,CLOSE,3716.4,2,DT_ExitShort,51.29,39076
CFFEX.IF.HOT,201905131015,SHORT,OPEN,3678.8,2,DT_EnterShort,50.77,39128
CFFEX.IF.HOT,201905141040,SHORT,CLOSE,3675,2,DT_ExitShort,50.72,39181
CFFEX.IF.HOT,201905141125,SHORT,OPEN,3652.4,2,DT_EnterShort,50.4,39190
CFFEX.IF.HOT,201905141325,SHORT,CLOSE,3681.2,2,DT_ExitShort,50.8,39196
CFFEX.IF.HOT,201905141445,SHORT,OPEN,3650.2,2,DT_EnterShort,50.37,39212
CFFEX.IF.HOT,201905150955,SHORT,CLOSE,3685.2,2,DT_ExitShort,50.86,39220
CFFEX.IF.HOT,201905151000,LONG,OPEN,3690.8,2,DT_EnterLong,50.93,39221
CFFEX.IF.HOT,201905161005,LONG,CLOSE,3672.8,2,DT_ExitLong,50.68,39270
CFFEX.IF.HOT,201905161010,SHORT,OPEN,3668.4,2,DT_EnterShort,50.62,39271
CFFEX.IF.HOT,201905210945,SHORT,CLOSE,3607.2,2,DT_ExitShort,49.78,39410
CFFEX.IF.HOT,201905240950,LONG,OPEN,3597.2,2,DT_EnterLong,49.64,39555
CFFEX.IF.HOT,201905241055,LONG,CLOSE,3564.8,2,DT_ExitLong,49.19,39568
CFFEX.IF.HOT,201905241120,SHORT,OPEN,3567.8,2,DT_EnterShort,49.24,39573
CFFEX.IF.HOT,201905241125,SHORT,CLOSE,3570.2,2,DT_ExitShort,49.27,39574
CFFEX.IF.HOT,201905300955,SHORT,OPEN,3595.6,2,DT_EnterShort,49.62,39748
CFFEX.IF.HOT,201906031010,SHORT,CLOSE,3625.2,2,DT_ExitShort,50.03,39847
CFFEX.IF.HOT,201906031015,LONG,OPEN,3626.6,2,DT_EnterLong,50.05,39848
CFFEX.IF.HOT,201906031045,LONG,CLOSE,3600,2,DT_ExitLong,49.68,39854
CFFEX.IF.HOT,201906031350,LONG,OPEN,3626.6,2,DT_EnterLong,50.05,39873
CFFEX.IF.HOT,201906051450,LONG,CLOSE,3579.8,2,DT_ExitLong,49.4,39981
CFFEX.IF.HOT,201906101020,LONG,OPEN,3588.2,2,DT_EnterLong,49.52,40041
CFFEX.IF.HOT,201906121055,LONG,CLOSE,3674.4,2,DT_ExitLong,50.71,40144
CFFEX.IF.HOT,201906141125,SHORT,OPEN,3662.8,2,DT_EnterShort,50.55,40246
CFFEX.IF.HOT,201906171020,SHORT,CLOSE,3670.2,2,DT_ExitShort,50.65,40281
CFFEX.IF.HOT,201906171055,SHORT,OPEN,3648.8,2,DT_EnterShort,50.35,40288
CFFEX.IF.HOT,201906171430,SHORT,CLOSE,3651.8,2,DT_ExitShort,50.39,40313
CFFEX.IF.HOT,201906171445,SHORT,OPEN,3643,2,DT_EnterShort,50.27,40316
CFFEX.IF.HOT,201906181425,SHORT,CLOSE,3655.2,2,DT_ExitShort,50.44,40360
CFFEX.IF.HOT,201906200935,SHORT,OPEN,3720.8,2,DT_EnterShort,51.35,40416
CFFEX.IF.HOT,201906201020,SHORT,CLOSE,3760.2,2,DT_ExitShort,51.89,40425
CFFEX.IF.HOT,201906241050,LONG,OPEN,3822,2,DT_EnterLong,52.74,40527
CFFEX.IF.HOT,201906241340,LONG,CLOSE,3806.4,2,DT_ExitLong,52.53,40543
CFFEX.IF.HOT,201906261430,LONG,OPEN,3774.2,2,DT_EnterLong,52.08,40649
CFFEX.IF.HOT,201906271440,LONG,CLOSE,3799,2,DT_ExitLong,52.43,40699
CFFEX.IF.HOT,201906280940,SHORT,OPEN,3799.8,2,DT_EnterShort,52.44,40705
CFFEX.IF.HOT,201906281445,SHORT,CLOSE,3811.8,2,DT_ExitShort,52.6,40748
CFFEX.IF.HOT,201907021000,LONG,OPEN,3912,2,DT_EnterLong,53.99,40805
CFFEX.IF.HOT,201907021345,LONG,CLOSE,3904.4,2,DT_ExitLong,53.88,40832
CFFEX.IF.HOT,201907021350,SHORT,OPEN,3903.8,2,DT_EnterShort,53.87,40833
CFFEX.IF.HOT,201907051100,SHORT,CLOSE,3867.4,2,DT_ExitShort,53.37,40961
CFFEX.IF.HOT,201907080950,SHORT,OPEN,3822.4,2,DT_EnterShort,52.75,40995
CFFEX.IF.HOT,201907100955,SHORT,CLOSE,3779.6,2,DT_ExitShort,52.16,41092
CFFEX.IF.HOT,201907101030,SHORT,OPEN,3768.2,2,DT_EnterShort,52,41099
CFFEX.IF.HOT,201907101100,SHORT,CLOSE,3780.2,2,DT_ExitShort,52.17,41105
CFFEX.IF.HOT,201907110955,LONG,OPEN,3809.2,2,DT_EnterLong,52.57,41140
CFFEX.IF.HOT,201907111340,LONG,CLOSE,3773.2,2,DT_ExitLong,52.07,41167
CFFEX.IF.HOT,201907121020,LONG,OPEN,3801.8,2,DT_EnterLong,52.46,41193
CFFEX.IF.HOT,201907150945,LONG,CLOSE,3742.6,2,DT_ExitLong,51.65,41234
CFFEX.IF.HOT,201907151115,LONG,OPEN,3812.4,2,DT_EnterLong,52.61,41252
CFFEX.IF.HOT,201907161045,LONG,CLOSE,3803.4,2,DT_ExitLong,52.49,41294
CFFEX.IF.HOT,201907171020,LONG,OPEN,3813.8,2,DT_EnterLong,52.63,41337
CFFEX.IF.HOT,201907171110,LONG,CLOSE,3799.6,2,DT_ExitLong,52.43,41347
CFFEX.IF.HOT,201907171435,SHORT,OPEN,3798.4,2,DT_EnterShort,52.42,41370
CFFEX.IF.HOT,201907190955,SHORT,CLOSE,3797.6,2,DT_ExitShort,52.41,41428
CFFEX.IF.HOT,201907191410,SHORT,OPEN,3795.4,2,DT_EnterShort,52.38,41461
CFFEX.IF.HOT,201907251055,SHORT,CLOSE,3828.2,2,DT_ExitShort,52.83,41632
CFFEX.IF.HOT,201907291025,SHORT,OPEN,3835.4,2,DT_EnterShort,52.93,41722
CFFEX.IF.HOT,201907300935,SHORT,CLOSE,3853,2,DT_ExitShort,53.17,41760
CFFEX.IF.HOT,201907310935,SHORT,OPEN,3847.8,2,DT_EnterShort,53.1,41808
CFFEX.IF.HOT,201908081005,SHORT,CLOSE,3648,2,DT_ExitShort,50.34,42102
CFFEX.IF.HOT,201908091115,SHORT,OPEN,3620,2,DT_EnterShort,49.96,42164
CFFEX.IF.HOT,201908121010,SHORT,CLOSE,3641.8,2,DT_ExitShort,50.26,42199
CFFEX.IF.HOT,201908131050,SHORT,OPEN,3646.4,2,DT_EnterShort,50.32,42255
CFFEX.IF.HOT,201908140945,SHORT,CLOSE,3703.6,2,DT_ExitShort,51.11,42290
CFFEX.IF.HOT,201908150935,SHORT,OPEN,3606.8,2,DT_EnterShort,49.77,42336
CFFEX.IF.HOT,201908151420,SHORT,CLOSE,3661.4,2,DT_ExitShort,50.53,42375
CFFEX.IF.HOT,201908201420,SHORT,OPEN,3772.2,2,DT_EnterShort,52.06,42519
CFFEX.IF.HOT,201908211345,SHORT,CLOSE,3779,2,DT_ExitShort,52.15,42560
CFFEX.IF.HOT,201908220940,LONG,OPEN,3784.4,2,DT_EnterLong,52.22,42577
CFFEX.IF.HOT,201908221000,LONG,CLOSE,3769.4,2,DT_ExitLong,52.02,42581
CFFEX.IF.HOT,201908281425,LONG,OPEN,3806,2,DT_EnterLong,52.52,42808
CFFEX.IF.HOT,201908301420,LONG,CLOSE,3775.6,2,DT_ExitLong,52.1,42903
CFFEX.IF.HOT,201909021005,LONG,OPEN,3813.6,2,DT_EnterLong,52.63,42918
CFFEX.IF.HOT,201909061415,LONG,CLOSE,3932.8,2,DT_ExitLong,54.27,43142
CFFEX.IF.HOT,201909061445,LONG,OPEN,3942,2,DT_EnterLong,54.4,43148
CFFEX.IF.HOT,201909111025,LONG,CLOSE,3943.8,2,DT_ExitLong,54.42,43258
CFFEX.IF.HOT,201909121000,LONG,OPEN,3950.4,2,DT_EnterLong,54.52,43301
CFFEX.IF.HOT,201909190935,LONG,CLOSE,3916.4,2,DT_ExitLong,54.05,43488
CFFEX.IF.HOT,201909191110,LONG,OPEN,3914,2,DT_EnterLong,54.01,43507
CFFEX.IF.HOT,201909191325,LONG,CLOSE,3905.6,2,DT_ExitLong,53.9,43516
CFFEX.IF.HOT,201909191425,LONG,OPEN,3915,2,DT_EnterLong,54.03,43528
CFFEX.IF.HOT,201909241450,LONG,CLOSE,3896.2,2,DT_ExitLong,53.77,43677
CFFEX.IF.HOT,201909261045,SHORT,OPEN,3875,2,DT_EnterShort,53.48,43742
CFFEX.IF.HOT,201910081055,SHORT,CLOSE,3840.8,2,DT_ExitShort,53,43888
CFFEX.IF.HOT,201910091415,LONG,OPEN,3833.4,2,DT_EnterLong,52.9,43958
CFFEX.IF.HOT,201910141500,LONG,CLOSE,3947.4,2,DT_ExitLong,54.47,44111
CFFEX.IF.HOT,201910160940,LONG,OPEN,3955.6,2,DT_EnterLong,54.59,44161
CFFEX.IF.HOT,201910161130,LONG,CLOSE,3917.8,2,DT_ExitLong,54.07,44183
CFFEX.IF.HOT,201910171035,LONG,OPEN,3928.8,2,DT_EnterLong,54.22,44220
CFFEX.IF.HOT,201910171355,LONG,CLOSE,3930.6,2,DT_ExitLong,54.24,44242
CFFEX.IF.HOT,201910171425,SHORT,OPEN,3920,2,DT_EnterShort,54.1,44248
CFFEX.IF.HOT,201910181010,SHORT,CLOSE,3931.6,2,DT_ExitShort,54.26,44263
CFFEX.IF.HOT,201910181015,LONG,OPEN,3930.4,2,DT_EnterLong,54.24,44264
CFFEX.IF.HOT,201910211400,LONG,CLOSE,3857.2,2,DT_ExitLong,53.23,44339
CFFEX.IF.HOT,201910211405,SHORT,OPEN,3856,2,DT_EnterShort,53.21,44340
CFFEX.IF.HOT,201910220940,SHORT,CLOSE,3874.4,2,DT_ExitShort,53.47,44353
CFFEX.IF.HOT,201910221055,SHORT,OPEN,3864,2,DT_EnterShort,53.32,44368
CFFEX.IF.HOT,201910221430,SHORT,CLOSE,3873.2,2,DT_ExitShort,53.45,44393
CFFEX.IF.HOT,201910221435,LONG,OPEN,3886.2,2,DT_EnterLong,53.63,44394
CFFEX.IF.HOT,201910231315,LONG,CLOSE,3867.2,2,DT_ExitLong,53.37,44426
CFFEX.IF.HOT,201910231340,LONG,OPEN,3872.4,2,DT_EnterLong,53.44,44431
CFFEX.IF.HOT,201910231410,LONG,CLOSE,3867.4,2,DT_ExitLong,53.37,44437
CFFEX.IF.HOT,201910241025,LONG,OPEN,3880,2,DT_EnterLong,53.54,44458
CFFEX.IF.HOT,201910241115,LONG,CLOSE,3855.8,2,DT_ExitLong,53.21,44468
CFFEX.IF.HOT,201910241440,LONG,OPEN,3865.6,2,DT_EnterLong,53.35,44491
CFFEX.IF.HOT,201910291310,LONG,CLOSE,3916.2,2,DT_ExitLong,54.04,44617
CFFEX.IF.HOT,201910310955,LONG,OPEN,3896,2,DT_EnterLong,53.76,44692
CFFEX.IF.HOT,201911050945,LONG,CLOSE,3971.2,2,DT_ExitLong,54.8,44834
CFFEX.IF.HOT,201911051005,LONG,OPEN,3976.6,2,DT_EnterLong,54.88,44838
CFFEX.IF.HOT,201911071305,LONG,CLOSE,3971.4,2,DT_ExitLong,54.81,44952
CFFEX.IF.HOT,201911071430,LONG,OPEN,3993.6,2,DT_EnterLong,55.11,44969
CFFEX.IF.HOT,201911081355,LONG,CLOSE,3982.2,2,DT_ExitLong,54.95,45010
CFFEX.IF.HOT,201911131345,SHORT,OPEN,3888.8,2,DT_EnterShort,53.67,45152
CFFEX.IF.HOT,201911131500,SHORT,CLOSE,3899.4,2,DT_ExitShort,53.81,45167
CFFEX.IF.HOT,201911150945,SHORT,OPEN,3894.8,2,DT_EnterShort,53.75,45218
CFFEX.IF.HOT,201911151120,SHORT,CLOSE,3902,2,DT_ExitShort,53.85,45237
CFFEX.IF.HOT,201911151335,SHORT,OPEN,3891.6,2,DT_EnterShort,53.7,45246
CFFEX.IF.HOT,201911181125,SHORT,CLOSE,3904.8,2,DT_ExitShort,53.89,45286
CFFEX.IF.HOT,201911201030,SHORT,OPEN,3934.8,2,DT_EnterShort,54.3,45371
CFFEX.IF.HOT,201912021000,SHORT,CLOSE,3852.4,2,DT_ExitShort,53.16,45749
CFFEX.IF.HOT,201912031320,LONG,OPEN,3841,2,DT_EnterLong,53.01,45819
CFFEX.IF.HOT,201912041340,LONG,CLOSE,3841.2,2,DT_ExitLong,53.01,45871
CFFEX.IF.HOT,201912041420,SHORT,OPEN,3840.8,2,DT_EnterShort,53,45879
CFFEX.IF.HOT,201912041430,SHORT,CLOSE,3847.6,2,DT_ExitShort,53.1,45881
CFFEX.IF.HOT,201912041435,LONG,OPEN,3845.8,2,DT_EnterLong,53.07,45882
CFFEX.IF.HOT,201912091400,LONG,CLOSE,3897,2,DT_ExitLong,53.78,46019
CFFEX.IF.HOT,201912091405,SHORT,OPEN,3894.8,2,DT_EnterShort,53.75,46020
CFFEX.IF.HOT,201912101330,SHORT,CLOSE,3900.4,2,DT_ExitShort,53.83,46061
CFFEX.IF.HOT,201912111025,SHORT,OPEN,3893.8,2,DT_EnterShort,53.73,46090
CFFEX.IF.HOT,201912111330,SHORT,CLOSE,3901.4,2,DT_ExitShort,53.84,46109
CFFEX.IF.HOT,201912121310,SHORT,OPEN,3903.2,2,DT_EnterShort,53.86,46153
CFFEX.IF.HOT,201912130945,SHORT,CLOSE,3940,2,DT_ExitShort,54.37,46178
CFFEX.IF.HOT,201912191455,LONG,OPEN,4031.2,2,DT_EnterLong,55.63,46414
CFFEX.IF.HOT,201912201430,LONG,CLOSE,4041.8,2,DT_ExitLong,55.78,46457
CFFEX.IF.HOT,201912201445,SHORT,OPEN,4043,2,DT_EnterShort,55.79,46460
CFFEX.IF.HOT,201912260945,SHORT,CLOSE,4019.6,2,DT_ExitShort,55.47,46610
CFFEX.IF.HOT,201912260950,LONG,OPEN,4015.6,2,DT_EnterLong,55.42,46611
CFFEX.IF.HOT,201912271435,LONG,CLOSE,4040.8,2,DT_ExitLong,55.76,46698
CFFEX.IF.HOT,201912301125,LONG,OPEN,4075.2,2,DT_EnterLong,56.24,46726
CFFEX.IF.HOT,202001061410,LONG,CLOSE,4149.4,2,DT_ExitLong,57.26,46933
CFFEX.IF.HOT,202001071025,LONG,OPEN,4162.2,2,DT_EnterLong,57.44,46954
CFFEX.IF.HOT,202001071100,LONG,CLOSE,4145.4,2,DT_ExitLong,57.21,46961
CFFEX.IF.HOT,202001071335,LONG,OPEN,4159.2,2,DT_EnterLong,57.4,46974
CFFEX.IF.HOT,202001080945,LONG,CLOSE,4145,2,DT_ExitLong,57.2,46994
CFFEX.IF.HOT,202001081305,LONG,OPEN,4145.6,2,DT_EnterLong,57.21,47016
CFFEX.IF.HOT,202001131005,LONG,CLOSE,4156.4,2,DT_ExitLong,57.36,47142
CFFEX.IF.HOT,202001131010,SHORT,OPEN,4154,2,DT_EnterShort,57.33,47143
CFFEX.IF.HOT,202001131050,SHORT,CLOSE,4167.4,2,DT_ExitShort,57.51,47151
CFFEX.IF.HOT,202001141415,SHORT,OPEN,4198.4,2,DT_EnterShort,57.94,47222
CFFEX.IF.HOT,202001170955,SHORT,CLOSE,4171.2,2,DT_ExitShort,57.56,47332
CFFEX.IF.HOT,202001171335,SHORT,OPEN,4159,2,DT_EnterShort,57.39,47358
CFFEX.IF.HOT,202001171430,SHORT,CLOSE,4174.4,2,DT_ExitShort,57.61,47369
CFFEX.IF.HOT,202001200955,SHORT,OPEN,4174.8,2,DT_EnterShort,57.61,47380
CFFEX.IF.HOT,202001201010,SHORT,CLOSE,4187.6,2,DT_ExitShort,57.79,47383
CFFEX.IF.HOT,202001201020,LONG,OPEN,4179.6,2,DT_EnterLong,57.68,47385
CFFEX.IF.HOT,202001210955,LONG,CLOSE,4154.6,2,DT_ExitLong,57.33,47428
CFFEX.IF.HOT,202001221330,LONG,OPEN,4126,2,DT_EnterLong,56.94,47501
CFFEX.IF.HOT,202001231015,LONG,CLOSE,4100.8,2,DT_ExitLong,56.59,47528
CFFEX.IF.HOT,202002041005,LONG,OPEN,3745.8,2,DT_EnterLong,51.69,47622
CFFEX.IF.HOT,202002051410,LONG,CLOSE,3796.8,2,DT_ExitLong,52.4,47701
CFFEX.IF.HOT,202002071435,LONG,OPEN,3881,2,DT_EnterLong,53.56,47802
CFFEX.IF.HOT,202002120950,LONG,CLOSE,3934.4,2,DT_ExitLong,54.29,47907
CFFEX.IF.HOT,202002121050,LONG,OPEN,3937.4,2,DT_EnterLong,54.34,47919
CFFEX.IF.HOT,202002131315,LONG,CLOSE,3939.8,2,DT_ExitLong,54.37,47978
CFFEX.IF.HOT,202002141005,LONG,OPEN,3973,2,DT_EnterLong,54.83,48006
CFFEX.IF.HOT,202002181110,LONG,CLOSE,4035.8,2,DT_ExitLong,55.69,48115
CFFEX.IF.HOT,202002190955,LONG,OPEN,4065.2,2,DT_EnterLong,56.1,48148
CFFEX.IF.HOT,202002191425,LONG,CLOSE,4043.6,2,DT_ExitLong,55.8,48184
CFFEX.IF.HOT,202002201000,LONG,OPEN,4082.2,2,DT_EnterLong,56.33,48197
CFFEX.IF.HOT,202002201055,LONG,CLOSE,4064,2,DT_ExitLong,56.08,48208
CFFEX.IF.HOT,202002201115,LONG,OPEN,4076,2,DT_EnterLong,56.25,48212
CFFEX.IF.HOT,202002240950,LONG,CLOSE,4125.4,2,DT_ExitLong,56.93,48291
CFFEX.IF.HOT,202002241500,SHORT,OPEN,4122.4,2,DT_EnterShort,56.89,48335
CFFEX.IF.HOT,202002251445,SHORT,CLOSE,4120.4,2,DT_ExitShort,56.86,48380
CFFEX.IF.HOT,202002261005,SHORT,OPEN,4070.4,2,DT_EnterShort,56.17,48390
CFFEX.IF.HOT,202002261050,SHORT,CLOSE,4104.8,2,DT_ExitShort,56.65,48399
CFFEX.IF.HOT,202002261415,SHORT,OPEN,4087.6,2,DT_EnterShort,56.41,48422
CFFEX.IF.HOT,202002271010,SHORT,CLOSE,4087.2,2,DT_ExitShort,56.4,48439
CFFEX.IF.HOT,202002271405,SHORT,OPEN,4082,2,DT_EnterShort,56.33,48468
CFFEX.IF.HOT,202003021015,SHORT,CLOSE,3988,2,DT_ExitShort,55.03,48536
CFFEX.IF.HOT,202003031355,SHORT,OPEN,4081.6,2,DT_EnterShort,56.33,48610
CFFEX.IF.HOT,202003041445,SHORT,CLOSE,4088.2,2,DT_ExitShort,56.42,48668
CFFEX.IF.HOT,202003061015,SHORT,OPEN,4146,2,DT_EnterShort,57.21,48728
CFFEX.IF.HOT,202003101305,SHORT,CLOSE,4055.2,2,DT_ExitShort,55.96,48840
CFFEX.IF.HOT,202003111310,SHORT,OPEN,4044,2,DT_EnterShort,55.81,48889
CFFEX.IF.HOT,202003131345,SHORT,CLOSE,3912.6,2,DT_ExitShort,53.99,48992
CFFEX.IF.HOT,202003161020,SHORT,OPEN,3816.8,2,DT_EnterShort,52.67,49017
CFFEX.IF.HOT,202003180950,SHORT,CLOSE,3734.4,2,DT_ExitShort,51.53,49107
CFFEX.IF.HOT,202003180955,LONG,OPEN,3755.4,2,DT_EnterLong,51.82,49108
CFFEX.IF.HOT,202003300935,LONG,CLOSE,3641.8,2,DT_ExitLong,50.26,49488
CFFEX.IF.HOT,202003301405,LONG,OPEN,3670.6,2,DT_EnterLong,50.65,49524
CFFEX.IF.HOT,202003301450,LONG,CLOSE,3643.6,2,DT_ExitLong,50.28,49533
CFFEX.IF.HOT,202003311325,SHORT,OPEN,3663.2,2,DT_EnterShort,50.55,49564
CFFEX.IF.HOT,202004011015,SHORT,CLOSE,3697,2,DT_ExitShort,51.02,49592
CFFEX.IF.HOT,202004011355,SHORT,OPEN,3664.2,2,DT_EnterShort,50.57,49618
CFFEX.IF.HOT,202004070945,SHORT,CLOSE,3768.2,2,DT_ExitShort,52,49730
CFFEX.IF.HOT,202004080950,SHORT,OPEN,3763,2,DT_EnterShort,51.93,49779
CFFEX.IF.HOT,202004090950,SHORT,CLOSE,3782.6,2,DT_ExitShort,52.2,49827
CFFEX.IF.HOT,202004101030,LONG,OPEN,3809,2,DT_EnterLong,52.56,49883
CFFEX.IF.HOT,202004101325,LONG,CLOSE,3770,2,DT_ExitLong,52.03,49900
CFFEX.IF.HOT,202004151405,SHORT,OPEN,3801,2,DT_EnterShort,52.45,50052
CFFEX.IF.HOT,202004161405,SHORT,CLOSE,3797.8,2,DT_ExitShort,52.41,50100
CFFEX.IF.HOT,202004171440,SHORT,OPEN,3804.2,2,DT_EnterShort,52.5,50155
CFFEX.IF.HOT,202004281110,SHORT,CLOSE,3813,2,DT_ExitShort,52.62,50467
CFFEX.IF.HOT,202004291415,SHORT,OPEN,3826.8,2,DT_EnterShort,52.81,50534
CFFEX.IF.HOT,202005061330,SHORT,CLOSE,3889.4,2,DT_ExitShort,53.67,50621
CFFEX.IF.HOT,202005071340,SHORT,OPEN,3899.6,2,DT_EnterShort,53.81,50671
CFFEX.IF.HOT,202005071430,SHORT,CLOSE,3912.2,2,DT_ExitShort,53.99,50681
CFFEX.IF.HOT,202005071435,LONG,OPEN,3913.8,2,DT_EnterLong,54.01,50682
CFFEX.IF.HOT,202005111325,LONG,CLOSE,3952.4,2,DT_ExitLong,54.54,50764
CFFEX.IF.HOT,202005121415,LONG,OPEN,3947.6,2,DT_EnterLong,54.48,50822
CFFEX.IF.HOT,202005140955,LONG,CLOSE,3884.4,2,DT_ExitLong,53.6,50884
CFFEX.IF.HOT,202005151035,SHORT,OPEN,3876.4,2,DT_EnterShort,53.49,50940
CFFEX.IF.HOT,202005280955,SHORT,CLOSE,3842.2,2,DT_ExitShort,53.02,51364
CFFEX.IF.HOT,202005281450,LONG,OPEN,3812.4,2,DT_EnterLong,52.61,51405
CFFEX.IF.HOT,202006031440,LONG,CLOSE,3958.8,2,DT_ExitLong,54.63,51595
CFFEX.IF.HOT,202006041435,LONG,OPEN,3957.6,2,DT_EnterLong,54.61,51642
CFFEX.IF.HOT,202006050935,LONG,CLOSE,3961.8,2,DT_ExitLong,54.67,51648
CFFEX.IF.HOT,202006050940,SHORT,OPEN,3951,2,DT_EnterShort,54.52,51649
CFFEX.IF.HOT,202006051100,SHORT,CLOSE,3947.8,2,DT_ExitShort,54.48,51665
CFFEX.IF.HOT,202006051130,SHORT,OPEN,3945.4,2,DT_EnterShort,54.45,51671
CFFEX.IF.HOT,202006051410,SHORT,CLOSE,3966.8,2,DT_ExitShort,54.74,51685
CFFEX.IF.HOT,202006091015,LONG,OPEN,4013,2,DT_EnterLong,55.38,51752
CFFEX.IF.HOT,202006101045,LONG,CLOSE,3999,2,DT_ExitLong,55.19,51806
CFFEX.IF.HOT,202006101425,LONG,OPEN,4014,2,DT_EnterLong,55.39,51832
CFFEX.IF.HOT,202006110940,LONG,CLOSE,3993.8,2,DT_ExitLong,55.11,51841
CFFEX.IF.HOT,202006110945,SHORT,OPEN,3994.8,2,DT_EnterShort,55.13,51842
CFFEX.IF.HOT,202006111130,SHORT,CLOSE,4020.4,2,DT_ExitShort,55.48,51863
CFFEX.IF.HOT,202006111315,SHORT,OPEN,3989,2,DT_EnterShort,55.05,51866
CFFEX.IF.HOT,202006121320,SHORT,CLOSE,3966.6,2,DT_ExitShort,54.74,51915
CFFEX.IF.HOT,202006151315,SHORT,OPEN,3955.2,2,DT_EnterShort,54.58,51962
CFFEX.IF.HOT,202006161005,SHORT,CLOSE,3993.4,2,DT_ExitShort,55.11,51990
CFFEX.IF.HOT,202006171430,LONG,OPEN,4008.6,2,DT_EnterLong,55.32,52073
CFFEX.IF.HOT,202006191025,LONG,CLOSE,4037.4,2,DT_ExitLong,55.72,52138
CFFEX.IF.HOT,202006191030,LONG,OPEN,4031.6,2,DT_EnterLong,55.64,52139
CFFEX.IF.HOT,202006221405,LONG,CLOSE,4051,2,DT_ExitLong,55.9,52212
CFFEX.IF.HOT,202006291000,SHORT,OPEN,4077,2,DT_EnterShort,56.26,52325
CFFEX.IF.HOT,202006300945,SHORT,CLOSE,4116.8,2,DT_ExitShort,56.81,52370
CFFEX.IF.HOT,202007081430,LONG,OPEN,4767.4,2,DT_EnterLong,65.79,52697
CFFEX.IF.HOT,202007101045,LONG,CLOSE,4791.2,2,DT_ExitLong,66.12,52766
CFFEX.IF.HOT,202007101050,SHORT,OPEN,4764.6,2,DT_EnterShort,65.75,52767
CFFEX.IF.HOT,202007131045,SHORT,CLOSE,4798,2,DT_ExitShort,66.21,52814
CFFEX.IF.HOT,202007141035,SHORT,OPEN,4790.8,2,DT_EnterShort,66.11,52860
CFFEX.IF.HOT,202007150945,SHORT,CLOSE,4810.8,2,DT_ExitShort,66.39,52898
CFFEX.IF.HOT,202007151105,SHORT,OPEN,4764.6,2,DT_EnterShort,65.75,52914
CFFEX.IF.HOT,202007171450,SHORT,CLOSE,4516.2,2,DT_ExitShort,62.32,53037
CFFEX.IF.HOT,202007211345,SHORT,OPEN,4642.8,2,DT_EnterShort,64.07,53120
CFFEX.IF.HOT,202007220935,SHORT,CLOSE,4658,2,DT_ExitShort,64.28,53136
CFFEX.IF.HOT,202007221445,SHORT,OPEN,4666.4,2,DT_EnterShort,64.4,53180
CFFEX.IF.HOT,202007231415,SHORT,CLOSE,4703.2,2,DT_ExitShort,64.9,53222
CFFEX.IF.HOT,202007240955,SHORT,OPEN,4632,2,DT_EnterShort,63.92,53236
CFFEX.IF.HOT,202007271405,SHORT,CLOSE,4508.4,2,DT_ExitShort,62.22,53316
CFFEX.IF.HOT,202007281000,LONG,OPEN,4531.8,2,DT_EnterLong,62.54,53333
CFFEX.IF.HOT,202007281415,LONG,CLOSE,4515.8,2,DT_ExitLong,62.32,53366
CFFEX.IF.HOT,202007291000,LONG,OPEN,4573.6,2,DT_EnterLong,63.12,53381
CFFEX.IF.HOT,202007301340,LONG,CLOSE,4646.6,2,DT_ExitLong,64.12,53455
CFFEX.IF.HOT,202007310955,LONG,OPEN,4719.2,2,DT_EnterLong,65.12,53476
CFFEX.IF.HOT,202007311110,LONG,CLOSE,4590.4,2,DT_ExitLong,63.35,53491
CFFEX.IF.HOT,202007311450,LONG,OPEN,4661.2,2,DT_EnterLong,64.32,53517
CFFEX.IF.HOT,202008050945,LONG,CLOSE,4712.6,2,DT_ExitLong,65.03,53618
CFFEX.IF.HOT,202008051410,SHORT,OPEN,4744,2,DT_EnterShort,65.47,53653
CFFEX.IF.HOT,202008051425,SHORT,CLOSE,4728.8,2,DT_ExitShort,65.26,53656
CFFEX.IF.HOT,202008061455,LONG,OPEN,4729,2,DT_EnterLong,65.26,53710
CFFEX.IF.HOT,202008071025,LONG,CLOSE,4680,2,DT_ExitLong,64.58,53722
CFFEX.IF.HOT,202008071450,LONG,OPEN,4673,2,DT_EnterLong,64.49,53757
CFFEX.IF.HOT,202008111415,LONG,CLOSE,4708.6,2,DT_ExitLong,64.98,53846
CFFEX.IF.HOT,202008121455,LONG,OPEN,4628,2,DT_EnterLong,63.87,53902
CFFEX.IF.HOT,202008181050,LONG,CLOSE,4806.6,2,DT_ExitLong,66.33,54063
CFFEX.IF.HOT,202008181345,LONG,OPEN,4812,2,DT_EnterLong,66.41,54080
CFFEX.IF.HOT,202008181405,LONG,CLOSE,4808.2,2,DT_ExitLong,66.35,54084
CFFEX.IF.HOT,202008210950,LONG,OPEN,4708.8,2,DT_EnterLong,64.98,54195
CFFEX.IF.HOT,202008250935,LONG,CLOSE,4727.8,2,DT_ExitLong,65.24,54288
CFFEX.IF.HOT,202008250940,LONG,OPEN,4763.4,2,DT_EnterLong,65.73,54289
CFFEX.IF.HOT,202008261050,LONG,CLOSE,4734.8,2,DT_ExitLong,65.34,54351
CFFEX.IF.HOT,202008271125,LONG,OPEN,4690.4,2,DT_EnterLong,64.73,54406
CFFEX.IF.HOT,202008311415,LONG,CLOSE,4834.6,2,DT_ExitLong,66.72,54518
CFFEX.IF.HOT,202009021335,LONG,OPEN,4818.6,2,DT_EnterLong,66.5,54606
CFFEX.IF.HOT,202009030940,LONG,CLOSE,4798.2,2,DT_ExitLong,66.22,54625
CFFEX.IF.HOT,202009031005,LONG,OPEN,4843.6,2,DT_EnterLong,66.84,54630
CFFEX.IF.HOT,202009031305,LONG,CLOSE,4799.4,2,DT_ExitLong,66.23,54648
CFFEX.IF.HOT,202009041455,LONG,OPEN,4764.6,2,DT_EnterLong,65.75,54718
CFFEX.IF.HOT,202009071050,LONG,CLOSE,4720.6,2,DT_ExitLong,65.14,54735
CFFEX.IF.HOT,202009071055,SHORT,OPEN,4723,2,DT_EnterShort,65.18,54736
CFFEX.IF.HOT,202009081405,SHORT,CLOSE,4693.2,2,DT_ExitShort,64.77,54804
CFFEX.IF.HOT,202009090955,SHORT,OPEN,4609.4,2,DT_EnterShort,63.61,54820
CFFEX.IF.HOT,202009101000,SHORT,CLOSE,4628,2,DT_ExitShort,63.87,54869
CFFEX.IF.HOT,202009101005,LONG,OPEN,4624.8,2,DT_EnterLong,63.82,54870
CFFEX.IF.HOT,202009101440,LONG,CLOSE,4575.2,2,DT_ExitLong,63.14,54907
CFFEX.IF.HOT,202009111350,LONG,OPEN,4598,2,DT_EnterLong,63.45,54945
CFFEX.IF.HOT,202009141400,LONG,CLOSE,4625.2,2,DT_ExitLong,63.83,54995
CFFEX.IF.HOT,202009150935,LONG,OPEN,4640,2,DT_EnterLong,64.03,55008
CFFEX.IF.HOT,202009161025,LONG,CLOSE,4662.2,2,DT_ExitLong,64.34,55066
CFFEX.IF.HOT,202009161305,SHORT,OPEN,4659.6,2,DT_EnterShort,64.3,55080
CFFEX.IF.HOT,202009171415,SHORT,CLOSE,4659.6,2,DT_ExitShort,64.3,55142
CFFEX.IF.HOT,202009181050,SHORT,OPEN,4623,2,DT_EnterShort,63.8,55167
CFFEX.IF.HOT,202009181130,SHORT,CLOSE,4643,2,DT_ExitShort,64.07,55175
CFFEX.IF.HOT,202009221325,LONG,OPEN,4665.2,2,DT_EnterLong,64.38,55276
CFFEX.IF.HOT,202009221340,LONG,CLOSE,4657.2,2,DT_ExitLong,64.27,55279
CFFEX.IF.HOT,202009221345,SHORT,OPEN,4656.6,2,DT_EnterShort,64.26,55280
CFFEX.IF.HOT,202009251000,SHORT,CLOSE,4569,2,DT_ExitShort,63.05,55397
CFFEX.IF.HOT,202009251445,LONG,OPEN,4566.8,2,DT_EnterLong,63.02,55436
CFFEX.IF.HOT,202009281435,LONG,CLOSE,4569.2,2,DT_ExitLong,63.05,55482
CFFEX.IF.HOT,202009290950,LONG,OPEN,4590.6,2,DT_EnterLong,63.35,55491
CFFEX.IF.HOT,202009301340,LONG,CLOSE,4568.4,2,DT_ExitLong,63.04,55567
CFFEX.IF.HOT,202010090955,LONG,OPEN,4657.2,2,DT_EnterLong,64.27,55588
CFFEX.IF.HOT,202010141020,LONG,CLOSE,4798.4,2,DT_ExitLong,66.22,55737
CFFEX.IF.HOT,202010151010,SHORT,OPEN,4800.4,2,DT_EnterShort,66.25,55783
CFFEX.IF.HOT,202010190950,SHORT,CLOSE,4841.8,2,DT_ExitShort,66.82,55875
CFFEX.IF.HOT,202010191125,SHORT,OPEN,4754,2,DT_EnterShort,65.61,55894
CFFEX.IF.HOT,202010201310,SHORT,CLOSE,4743.8,2,DT_ExitShort,65.46,55945
CFFEX.IF.HOT,202010211050,SHORT,OPEN,4730.6,2,DT_EnterShort,65.28,55983
CFFEX.IF.HOT,202010211445,SHORT,CLOSE,4762.6,2,DT_ExitShort,65.72,56012
CFFEX.IF.HOT,202010211450,LONG,OPEN,4767.6,2,DT_EnterLong,65.79,56013
CFFEX.IF.HOT,202010221010,LONG,CLOSE,4722,2,DT_ExitLong,65.16,56023
CFFEX.IF.HOT,202010221350,LONG,OPEN,4750.2,2,DT_EnterLong,65.55,56049
CFFEX.IF.HOT,202010231350,LONG,CLOSE,4741.4,2,DT_ExitLong,65.43,56097
CFFEX.IF.HOT,202010271020,SHORT,OPEN,4666,2,DT_EnterShort,64.39,56169
CFFEX.IF.HOT,202010271335,SHORT,CLOSE,4677.2,2,DT_ExitShort,64.55,56190
CFFEX.IF.HOT,202010291025,SHORT,OPEN,4702.2,2,DT_EnterShort,64.89,56266
CFFEX.IF.HOT,202010291030,SHORT,CLOSE,4703.2,2,DT_ExitShort,64.9,56267
CFFEX.IF.HOT,202010291045,LONG,OPEN,4717.8,2,DT_EnterLong,65.11,56270
CFFEX.IF.HOT,202011061130,LONG,CLOSE,4833.6,2,DT_ExitLong,66.7,56567
CFFEX.IF.HOT,202011090935,LONG,OPEN,4899.6,2,DT_EnterLong,67.61,56592
CFFEX.IF.HOT,202011101030,LONG,CLOSE,4955.6,2,DT_ExitLong,68.39,56651
CFFEX.IF.HOT,202011160945,LONG,OPEN,4840.8,2,DT_EnterLong,66.8,56834
CFFEX.IF.HOT,202011171105,LONG,CLOSE,4859,2,DT_ExitLong,67.05,56898
CFFEX.IF.HOT,202011180950,LONG,OPEN,4899,2,DT_EnterLong,67.61,56931
CFFEX.IF.HOT,202011181425,LONG,CLOSE,4861.8,2,DT_ExitLong,67.09,56968
CFFEX.IF.HOT,202011191045,LONG,OPEN,4900.6,2,DT_EnterLong,67.63,56990
CFFEX.IF.HOT,202011241025,LONG,CLOSE,4970.4,2,DT_ExitLong,68.59,57130
CFFEX.IF.HOT,202011251045,SHORT,OPEN,4972.6,2,DT_EnterShort,68.62,57182
CFFEX.IF.HOT,202012011120,SHORT,CLOSE,5032,2,DT_ExitShort,69.44,57381
CFFEX.IF.HOT,202012031405,SHORT,OPEN,5051,2,DT_EnterShort,69.7,57492
CFFEX.IF.HOT,202012031445,SHORT,CLOSE,5068.8,2,DT_ExitShort,69.95,57500
CFFEX.IF.HOT,202012031450,LONG,OPEN,5068.4,2,DT_EnterLong,69.94,57501
CFFEX.IF.HOT,202012040955,LONG,CLOSE,5028,2,DT_ExitLong,69.39,57508
CFFEX.IF.HOT,202012041335,LONG,OPEN,5062.8,2,DT_EnterLong,69.87,57534
CFFEX.IF.HOT,202012071015,LONG,CLOSE,5043.4,2,DT_ExitLong,69.6,57560
CFFEX.IF.HOT,202012071020,SHORT,OPEN,5037.2,2,DT_EnterShort,69.51,57561
CFFEX.IF.HOT,202012080955,SHORT,CLOSE,5048.2,2,DT_ExitShort,69.67,57604
CFFEX.IF.HOT,202012081425,LONG,OPEN,5026.4,2,DT_EnterLong,69.36,57640
CFFEX.IF.HOT,202012081440,LONG,CLOSE,5018.2,2,DT_ExitLong,69.25,57643
CFFEX.IF.HOT,202012111005,SHORT,OPEN,4939.6,2,DT_EnterShort,68.17,57750
CFFEX.IF.HOT,202012141025,SHORT,CLOSE,4904.6,2,DT_ExitShort,67.68,57802
CFFEX.IF.HOT,202012151025,SHORT,OPEN,4914.6,2,DT_EnterShort,67.82,57850
CFFEX.IF.HOT,202012151050,SHORT,CLOSE,4915,2,DT_ExitShort,67.83,57855
CFFEX.IF.HOT,202012151130,SHORT,OPEN,4911.6,2,DT_EnterShort,67.78,57863
CFFEX.IF.HOT,202012211035,SHORT,CLOSE,5030.8,2,DT_ExitShort,69.43,58044
CFFEX.IF.HOT,202012221025,SHORT,OPEN,5024.2,2,DT_EnterShort,69.33,58090
CFFEX.IF.HOT,202012231305,SHORT,CLOSE,5015,2,DT_ExitShort,69.21,58152
CFFEX.IF.HOT,202012231420,SHORT,OPEN,4988.8,2,DT_EnterShort,68.85,58167
CFFEX.IF.HOT,202012251055,SHORT,CLOSE,5035.2,2,DT_ExitShort,69.49,58240
CFFEX.IF.HOT,202012281440,SHORT,OPEN,5051.6,2,DT_EnterShort,69.71,58315
CFFEX.IF.HOT,202012290950,SHORT,CLOSE,5079,2,DT_ExitShort,70.09,58323
CFFEX.IF.HOT,202012291025,SHORT,OPEN,5054.4,2,DT_EnterShort,69.75,58330
CFFEX.IF.HOT,202012291115,SHORT,CLOSE,5074.4,2,DT_ExitShort,70.03,58340
CFFEX.IF.HOT,202012291130,SHORT,OPEN,5051.2,2,DT_EnterShort,69.71,58343
CFFEX.IF.HOT,202101121115,SHORT,CLOSE,5506.6,2,DT_ExitShort,75.99,58772
CFFEX.IF.HOT,202101121120,LONG,OPEN,5497.2,2,DT_EnterLong,75.86,58773
CFFEX.IF.HOT,202101131355,LONG,CLOSE,5539.8,2,DT_ExitLong,76.45,58834
CFFEX.IF.HOT,202101151455,LONG,OPEN,5450.6,2,DT_EnterLong,75.22,58942
CFFEX.IF.HOT,202101180940,LONG,CLOSE,5422,2,DT_ExitLong,74.82,58945
CFFEX.IF.HOT,202101181040,LONG,OPEN,5461,2,DT_EnterLong,75.36,58957
CFFEX.IF.HOT,202101191020,LONG,CLOSE,5497.2,2,DT_ExitLong,75.86,59001
CFFEX.IF.HOT,202101191025,SHORT,OPEN,5492.2,2,DT_EnterShort,75.79,59002
CFFEX.IF.HOT,202101201045,SHORT,CLOSE,5477,2,DT_ExitShort,75.58,59054
CFFEX.IF.HOT,202101201315,SHORT,OPEN,5448,2,DT_EnterShort,75.18,59066
CFFEX.IF.HOT,202101201405,SHORT,CLOSE,5467,2,DT_ExitShort,75.44,59076
CFFEX.IF.HOT,202101221040,SHORT,OPEN,5523.8,2,DT_EnterShort,76.23,59149
CFFEX.IF.HOT,202101221450,SHORT,CLOSE,5538.8,2,DT_ExitShort,76.44,59181
CFFEX.IF.HOT,202101221455,LONG,OPEN,5531.4,2,DT_EnterLong,76.33,59182
CFFEX.IF.HOT,202101260940,LONG,CLOSE,5543.2,2,DT_ExitLong,76.5,59233
CFFEX.IF.HOT,202101260945,SHORT,OPEN,5541.4,2,DT_EnterShort,76.47,59234
CFFEX.IF.HOT,202101271350,SHORT,CLOSE,5487.8,2,DT_ExitShort,75.73,59313
CFFEX.IF.HOT,202101291035,SHORT,OPEN,5380.2,2,DT_EnterShort,74.25,59388
CFFEX.IF.HOT,202102011020,SHORT,CLOSE,5375.6,2,DT_ExitShort,74.18,59433
CFFEX.IF.HOT,202102011025,LONG,OPEN,5371.6,2,DT_EnterLong,74.13,59434
CFFEX.IF.HOT,202102011115,LONG,CLOSE,5356.8,2,DT_ExitLong,73.92,59444
CFFEX.IF.HOT,202102011305,LONG,OPEN,5367.2,2,DT_EnterLong,74.07,59448
CFFEX.IF.HOT,202102031500,LONG,CLOSE,5461.8,2,DT_ExitLong,75.37,59567
CFFEX.IF.HOT,202102041445,LONG,OPEN,5462.8,2,DT_EnterLong,75.39,59612
CFFEX.IF.HOT,202102051455,LONG,CLOSE,5467.6,2,DT_ExitLong,75.45,59662
CFFEX.IF.HOT,202102081105,LONG,OPEN,5532,2,DT_EnterLong,76.34,59682
CFFEX.IF.HOT,202102181310,LONG,CLOSE,5747.8,2,DT_ExitLong,79.32,59833
CFFEX.IF.HOT,202102191350,LONG,OPEN,5739.4,2,DT_EnterLong,79.2,59889
CFFEX.IF.HOT,202102221005,LONG,CLOSE,5678.2,2,DT_ExitLong,78.36,59910
CFFEX.IF.HOT,202102231410,SHORT,OPEN,5588.6,2,DT_EnterShort,77.12,59989
CFFEX.IF.HOT,202102251045,SHORT,CLOSE,5498.2,2,DT_ExitShort,75.88,60062
CFFEX.IF.HOT,202103021120,SHORT,OPEN,5355.4,2,DT_EnterShort,73.9,60213
CFFEX.IF.HOT,202103031030,SHORT,CLOSE,5359.2,2,DT_ExitShort,73.96,60251
CFFEX.IF.HOT,202103041000,SHORT,OPEN,5321,2,DT_EnterShort,73.43,60293
CFFEX.IF.HOT,202103051125,SHORT,CLOSE,5252.6,2,DT_ExitShort,72.49,60358
CFFEX.IF.HOT,202103051330,SHORT,OPEN,5225.2,2,DT_EnterShort,72.11,60365
CFFEX.IF.HOT,202103051400,SHORT,CLOSE,5277,2,DT_ExitShort,72.82,60371
CFFEX.IF.HOT,202103051405,LONG,OPEN,5290.2,2,DT_EnterLong,73,60372
CFFEX.IF.HOT,202103081050,LONG,CLOSE,5176.8,2,DT_ExitLong,71.44,60399
CFFEX.IF.HOT,202103101305,LONG,OPEN,5026.2,2,DT_EnterLong,69.36,60504
CFFEX.IF.HOT,202103101315,LONG,CLOSE,4995.2,2,DT_ExitLong,68.93,60506
CFFEX.IF.HOT,202103101320,SHORT,OPEN,5001.6,2,DT_EnterShort,69.02,60507
CFFEX.IF.HOT,202103111000,SHORT,CLOSE,5070.4,2,DT_ExitShort,69.97,60533
CFFEX.IF.HOT,202103111005,LONG,OPEN,5078.8,2,DT_EnterLong,70.09,60534
CFFEX.IF.HOT,202103121035,LONG,CLOSE,5069.8,2,DT_ExitLong,69.96,60588
CFFEX.IF.HOT,202103121315,LONG,OPEN,5101.2,2,DT_EnterLong,70.4,60602
CFFEX.IF.HOT,202103150945,LONG,CLOSE,5048.8,2,DT_ExitLong,69.67,60626
CFFEX.IF.HOT,202103161000,LONG,OPEN,5073.8,2,DT_EnterLong,70.02,60677
CFFEX.IF.HOT,202103170945,LONG,CLOSE,5005.6,2,DT_ExitLong,69.08,60722
CFFEX.IF.HOT,202103171330,SHORT,OPEN,5056,2,DT_EnterShort,69.77,60749
CFFEX.IF.HOT,202103221010,SHORT,CLOSE,4990.4,2,DT_ExitShort,68.87,60871
CFFEX.IF.HOT,202103231045,SHORT,OPEN,4962.8,2,DT_EnterShort,68.49,60926
CFFEX.IF.HOT,202103240950,SHORT,CLOSE,4966.2,2,DT_ExitShort,68.53,60963
CFFEX.IF.HOT,202103240955,LONG,OPEN,4967,2,DT_EnterLong,68.54,60964
CFFEX.IF.HOT,202103241020,LONG,CLOSE,4934.4,2,DT_ExitLong,68.09,60969
CFFEX.IF.HOT,202103251105,LONG,OPEN,4934,2,DT_EnterLong,68.09,61026
CFFEX.IF.HOT,202103251430,LONG,CLOSE,4908,2,DT_ExitLong,67.73,61049
CFFEX.IF.HOT,202103251435,SHORT,OPEN,4906.6,2,DT_EnterShort,67.71,61050
CFFEX.IF.HOT,202103251445,SHORT,CLOSE,4922.6,2,DT_ExitShort,67.93,61052
CFFEX.IF.HOT,202103291335,SHORT,OPEN,5016.8,2,DT_EnterShort,69.23,61134
CFFEX.IF.HOT,202103301025,SHORT,CLOSE,5043.2,2,DT_ExitShort,69.6,61162
CFFEX.IF.HOT,202104010940,LONG,OPEN,5038.4,2,DT_EnterLong,69.53,61249
CFFEX.IF.HOT,202104061030,LONG,CLOSE,5118.8,2,DT_ExitLong,70.64,61355
CFFEX.IF.HOT,202104080935,LONG,OPEN,5050.2,2,DT_EnterLong,69.69,61440
CFFEX.IF.HOT,202104131330,LONG,CLOSE,4933.6,2,DT_ExitLong,68.08,61613
CFFEX.IF.HOT,202104141005,LONG,OPEN,4983.8,2,DT_EnterLong,68.78,61638
CFFEX.IF.HOT,202104150945,LONG,CLOSE,4953.6,2,DT_ExitLong,68.36,61682
CFFEX.IF.HOT,202104151450,LONG,OPEN,4943.6,2,DT_EnterLong,68.22,61725
CFFEX.IF.HOT,202104161010,LONG,CLOSE,4891.6,2,DT_ExitLong,67.5,61735
CFFEX.IF.HOT,202104161015,SHORT,OPEN,4887.4,2,DT_EnterShort,67.45,61736
CFFEX.IF.HOT,202104161345,SHORT,CLOSE,4935.6,2,DT_ExitShort,68.11,61760
CFFEX.IF.HOT,202104201440,SHORT,OPEN,5071.2,2,DT_EnterShort,69.98,61867
CFFEX.IF.HOT,202104211310,SHORT,CLOSE,5067.2,2,DT_ExitShort,69.93,61897
CFFEX.IF.HOT,202104221010,SHORT,OPEN,5041.2,2,DT_EnterShort,69.57,61927
CFFEX.IF.HOT,202104230950,SHORT,CLOSE,5087.2,2,DT_ExitShort,70.2,61971
CFFEX.IF.HOT,202104261345,SHORT,OPEN,5094.4,2,DT_EnterShort,70.3,62048
CFFEX.IF.HOT,202105071025,SHORT,CLOSE,5072.2,2,DT_ExitShort,70,62314
CFFEX.IF.HOT,202105071320,SHORT,OPEN,5040,2,DT_EnterShort,69.55,62331
CFFEX.IF.HOT,202105111130,SHORT,CLOSE,4964.6,2,DT_ExitShort,68.51,62423
CFFEX.IF.HOT,202105121315,SHORT,OPEN,5002.2,2,DT_EnterShort,69.03,62474
CFFEX.IF.HOT,202105121415,SHORT,CLOSE,5016.6,2,DT_ExitShort,69.23,62486
CFFEX.IF.HOT,202105131010,SHORT,OPEN,4970.2,2,DT_EnterShort,68.59,62503
CFFEX.IF.HOT,202105141055,SHORT,CLOSE,5027,2,DT_ExitShort,69.37,62560
CFFEX.IF.HOT,202105181500,LONG,OPEN,5163.6,2,DT_EnterLong,71.26,62687
CFFEX.IF.HOT,202105190950,LONG,CLOSE,5130.2,2,DT_ExitLong,70.8,62691
CFFEX.IF.HOT,202105191045,LONG,OPEN,5157.2,2,DT_EnterLong,71.17,62702
CFFEX.IF.HOT,202105201035,LONG,CLOSE,5149.4,2,DT_ExitLong,71.06,62748
CFFEX.IF.HOT,202105211030,SHORT,OPEN,5120.8,2,DT_EnterShort,70.67,62795
CFFEX.IF.HOT,202105241315,SHORT,CLOSE,5125.2,2,DT_ExitShort,70.73,62858
CFFEX.IF.HOT,202105261415,LONG,OPEN,5314.4,2,DT_EnterLong,73.34,62966
CFFEX.IF.HOT,202105270940,LONG,CLOSE,5302.4,2,DT_ExitLong,73.17,62977
CFFEX.IF.HOT,202105271100,LONG,OPEN,5375.2,2,DT_EnterLong,74.18,62993
CFFEX.IF.HOT,202105271345,LONG,CLOSE,5316.8,2,DT_ExitLong,73.37,63008
CFFEX.IF.HOT,202105271420,LONG,OPEN,5332,2,DT_EnterLong,73.58,63015
CFFEX.IF.HOT,202105281405,LONG,CLOSE,5291,2,DT_ExitLong,73.02,63060
CFFEX.IF.HOT,202105311405,LONG,OPEN,5307.6,2,DT_EnterLong,73.24,63108
CFFEX.IF.HOT,202106021020,LONG,CLOSE,5298.4,2,DT_ExitLong,73.12,63177
CFFEX.IF.HOT,202106021030,SHORT,OPEN,5292.4,2,DT_EnterShort,73.04,63179
CFFEX.IF.HOT,202106031120,SHORT,CLOSE,5294.4,2,DT_ExitShort,73.06,63237
CFFEX.IF.HOT,202106031415,SHORT,OPEN,5259.6,2,DT_EnterShort,72.58,63254
CFFEX.IF.HOT,202106041320,SHORT,CLOSE,5294.4,2,DT_ExitShort,73.06,63291
CFFEX.IF.HOT,202106071015,SHORT,OPEN,5242.8,2,DT_EnterShort,72.35,63320
CFFEX.IF.HOT,202106071420,SHORT,CLOSE,5258.8,2,DT_ExitShort,72.57,63351
CFFEX.IF.HOT,202106071425,LONG,OPEN,5254.4,2,DT_EnterLong,72.51,63352
CFFEX.IF.HOT,202106081105,LONG,CLOSE,5204.8,2,DT_ExitLong,71.83,63378
CFFEX.IF.HOT,202106091500,LONG,OPEN,5234.2,2,DT_EnterLong,72.23,63455
CFFEX.IF.HOT,202106171345,LONG,CLOSE,5091.8,2,DT_ExitLong,70.27,63680
CFFEX.IF.HOT,202106180940,SHORT,OPEN,5070.6,2,DT_EnterShort,69.97,63697
CFFEX.IF.HOT,202106181435,SHORT,CLOSE,5083.2,2,DT_ExitShort,70.15,63738
CFFEX.IF.HOT,202106210950,SHORT,OPEN,5041.4,2,DT_EnterShort,69.57,63747
CFFEX.IF.HOT,202106211030,SHORT,CLOSE,5094,2,DT_ExitShort,70.3,63755
CFFEX.IF.HOT,202106211130,SHORT,OPEN,5040,2,DT_EnterShort,69.55,63767
CFFEX.IF.HOT,202106220940,SHORT,CLOSE,5073,2,DT_ExitShort,70.01,63793
CFFEX.IF.HOT,202106221420,SHORT,OPEN,5056.8,2,DT_EnterShort,69.78,63831
CFFEX.IF.HOT,202106221450,SHORT,CLOSE,5086.2,2,DT_ExitShort,70.19,63837
CFFEX.IF.HOT,202106240955,SHORT,OPEN,5100.8,2,DT_EnterShort,70.39,63892
CFFEX.IF.HOT,202106241350,SHORT,CLOSE,5120,2,DT_ExitShort,70.66,63921
CFFEX.IF.HOT,202106241355,LONG,OPEN,5124.2,2,DT_EnterLong,70.71,63922
CFFEX.IF.HOT,202107010950,LONG,CLOSE,5154.8,2,DT_ExitLong,71.14,64131
CFFEX.IF.HOT,202107011345,LONG,OPEN,5185.4,2,DT_EnterLong,71.56,64160
CFFEX.IF.HOT,202107011445,LONG,CLOSE,5141.8,2,DT_ExitLong,70.96,64172
CFFEX.IF.HOT,202107051455,LONG,OPEN,5055.4,2,DT_EnterLong,69.76,64270
CFFEX.IF.HOT,202107081040,LONG,CLOSE,5097.2,2,DT_ExitLong,70.34,64381
CFFEX.IF.HOT,202107091410,LONG,OPEN,5055.8,2,DT_EnterLong,69.77,64453
CFFEX.IF.HOT,202107131315,LONG,CLOSE,5112.2,2,DT_ExitLong,70.55,64538
CFFEX.IF.HOT,202107131320,SHORT,OPEN,5111,2,DT_EnterShort,70.53,64539
CFFEX.IF.HOT,202107131410,SHORT,CLOSE,5136.6,2,DT_ExitShort,70.89,64549
CFFEX.IF.HOT,202107151040,SHORT,OPEN,5075.6,2,DT_EnterShort,70.04,64621
CFFEX.IF.HOT,202107151105,SHORT,CLOSE,5117.4,2,DT_ExitShort,70.62,64626
CFFEX.IF.HOT,202107161020,SHORT,OPEN,5096.2,2,DT_EnterShort,70.33,64665
CFFEX.IF.HOT,202107191335,SHORT,CLOSE,5066.6,2,DT_ExitShort,69.92,64734
CFFEX.IF.HOT,202107201435,LONG,OPEN,5103,2,DT_EnterLong,70.42,64794
CFFEX.IF.HOT,202107221315,LONG,CLOSE,5121,2,DT_ExitLong,70.67,64874
CFFEX.IF.HOT,202107221320,SHORT,OPEN,5121.6,2,DT_EnterShort,70.68,64875
CFFEX.IF.HOT,202107301445,SHORT,CLOSE,4778.2,2,DT_ExitShort,65.94,65180
CFFEX.IF.HOT,202108021010,SHORT,OPEN,4738.2,2,DT_EnterShort,65.39,65191
CFFEX.IF.HOT,202108021040,SHORT,CLOSE,4824,2,DT_ExitShort,66.57,65197
CFFEX.IF.HOT,202108021045,LONG,OPEN,4832.6,2,DT_EnterLong,66.69,65198
CFFEX.IF.HOT,202108050955,LONG,CLOSE,4917.2,2,DT_ExitLong,67.86,65332
CFFEX.IF.HOT,202108051045,LONG,OPEN,4922,2,DT_EnterLong,67.92,65342
CFFEX.IF.HOT,202108051105,LONG,CLOSE,4914.4,2,DT_ExitLong,67.82,65346
CFFEX.IF.HOT,202108051320,LONG,OPEN,4930.2,2,DT_EnterLong,68.04,65355
CFFEX.IF.HOT,202108051355,LONG,CLOSE,4910.6,2,DT_ExitLong,67.77,65362
CFFEX.IF.HOT,202108061500,LONG,OPEN,4891.4,2,DT_EnterLong,67.5,65423
CFFEX.IF.HOT,202108101010,LONG,CLOSE,4918.6,2,DT_ExitLong,67.88,65479
CFFEX.IF.HOT,202108101355,LONG,OPEN,4980.2,2,DT_EnterLong,68.73,65506
CFFEX.IF.HOT,202108171305,LONG,CLOSE,4883.2,2,DT_ExitLong,67.39,65736
CFFEX.IF.HOT,202108181315,LONG,OPEN,4869.2,2,DT_EnterLong,67.19,65786
CFFEX.IF.HOT,202108191035,LONG,CLOSE,4815.4,2,DT_ExitLong,66.45,65820
CFFEX.IF.HOT,202108231005,LONG,OPEN,4768,2,DT_EnterLong,65.8,65910
CFFEX.IF.HOT,202108251035,LONG,CLOSE,4832.8,2,DT_ExitLong,66.69,66012
CFFEX.IF.HOT,202108251040,SHORT,OPEN,4841.8,2,DT_EnterShort,66.82,66013
CFFEX.IF.HOT,202108251435,SHORT,CLOSE,4848.4,2,DT_ExitShort,66.91,66042
CFFEX.IF.HOT,202108260940,SHORT,OPEN,4817.6,2,DT_EnterShort,66.48,66049
CFFEX.IF.HOT,202108271015,SHORT,CLOSE,4837.2,2,DT_ExitShort,66.75,66104
CFFEX.IF.HOT,202108311410,LONG,OPEN,4774.6,2,DT_EnterLong,65.89,66229
CFFEX.IF.HOT,202109021115,LONG,CLOSE,4845.8,2,DT_ExitLong,66.87,66308
CFFEX.IF.HOT,202109031035,LONG,OPEN,4862.6,2,DT_EnterLong,67.1,66348
CFFEX.IF.HOT,202109031335,LONG,CLOSE,4834.4,2,DT_ExitLong,66.71,66366
CFFEX.IF.HOT,202109071030,LONG,OPEN,4921.2,2,DT_EnterLong,67.91,66443
CFFEX.IF.HOT,202109081320,LONG,CLOSE,4947.8,2,DT_ExitLong,68.28,66507
CFFEX.IF.HOT,202109091440,LONG,OPEN,4954.4,2,DT_EnterLong,68.37,66571
CFFEX.IF.HOT,202109141325,LONG,CLOSE,4959.4,2,DT_ExitLong,68.44,66700
CFFEX.IF.HOT,202109171310,LONG,OPEN,4832,2,DT_EnterLong,66.68,66841
CFFEX.IF.HOT,202109221010,LONG,CLOSE,4791,2,DT_ExitLong,66.12,66871
CFFEX.IF.HOT,202109221355,LONG,OPEN,4825.8,2,DT_EnterLong,66.6,66898
CFFEX.IF.HOT,202109231440,LONG,CLOSE,4831.8,2,DT_ExitLong,66.68,66955
CFFEX.IF.HOT,202109240940,LONG,OPEN,4849.8,2,DT_EnterLong,66.93,66961
CFFEX.IF.HOT,202109241455,LONG,CLOSE,4847,2,DT_ExitLong,66.89,67006
CFFEX.IF.HOT,202109271005,LONG,OPEN,4914,2,DT_EnterLong,67.81,67014
CFFEX.IF.HOT,202109271325,LONG,CLOSE,4860.8,2,DT_ExitLong,67.08,67036
CFFEX.IF.HOT,202109271415,LONG,OPEN,4885.4,2,DT_EnterLong,67.42,67046
CFFEX.IF.HOT,202109271440,LONG,CLOSE,4871,2,DT_ExitLong,67.22,67051
CFFEX.IF.HOT,202109271455,SHORT,OPEN,4882.4,2,DT_EnterShort,67.38,67054
CFFEX.IF.HOT,202109281040,SHORT,CLOSE,4884.4,2,DT_ExitShort,67.4,67069
CFFEX.IF.HOT,202109281445,SHORT,OPEN,4878.8,2,DT_EnterShort,67.33,67100
CFFEX.IF.HOT,202109291400,SHORT,CLOSE,4866.4,2,DT_ExitShort,67.16,67139
CFFEX.IF.HOT,202109301355,LONG,OPEN,4864.2,2,DT_EnterLong,67.13,67186
CFFEX.IF.HOT,202110080945,LONG,CLOSE,4855,2,DT_ExitLong,67,67202
CFFEX.IF.HOT,202110080955,SHORT,OPEN,4855,2,DT_EnterShort,67,67204
CFFEX.IF.HOT,202110081040,SHORT,CLOSE,4929.4,2,DT_ExitShort,68.03,67213
CFFEX.IF.HOT,202110111425,SHORT,OPEN,4950.8,2,DT_EnterShort,68.32,67288
CFFEX.IF.HOT,202110131130,SHORT,CLOSE,4892.8,2,DT_ExitShort,67.52,67367
CFFEX.IF.HOT,202110141105,SHORT,OPEN,4922.6,2,DT_EnterShort,67.93,67410
CFFEX.IF.HOT,202110151045,SHORT,CLOSE,4921.8,2,DT_ExitShort,67.92,67454
CFFEX.IF.HOT,202110201035,SHORT,OPEN,4892.2,2,DT_EnterShort,67.51,67596
CFFEX.IF.HOT,202110201310,SHORT,CLOSE,4905,2,DT_ExitShort,67.69,67609
CFFEX.IF.HOT,202110201350,SHORT,OPEN,4892,2,DT_EnterShort,67.51,67617
CFFEX.IF.HOT,202110211015,SHORT,CLOSE,4903.2,2,DT_ExitShort,67.66,67640
CFFEX.IF.HOT,202110211350,SHORT,OPEN,4889,2,DT_EnterShort,67.47,67665
CFFEX.IF.HOT,202110211500,SHORT,CLOSE,4910,2,DT_ExitShort,67.76,67679
CFFEX.IF.HOT,202110251120,LONG,OPEN,4962,2,DT_EnterLong,68.48,67749
CFFEX.IF.HOT,202110261350,LONG,CLOSE,4945.8,2,DT_ExitLong,68.25,67809
CFFEX.IF.HOT,202110281130,LONG,OPEN,4872.6,2,DT_EnterLong,67.24,67895
CFFEX.IF.HOT,202110281335,LONG,CLOSE,4869.4,2,DT_ExitLong,67.2,67902
CFFEX.IF.HOT,202110291020,LONG,OPEN,4876.2,2,DT_EnterLong,67.29,67929
CFFEX.IF.HOT,202111011010,LONG,CLOSE,4872.8,2,DT_ExitLong,67.24,67975
CFFEX.IF.HOT,202111011105,LONG,OPEN,4900.4,2,DT_EnterLong,67.63,67986
CFFEX.IF.HOT,202111011420,LONG,CLOSE,4889.2,2,DT_ExitLong,67.47,68007
CFFEX.IF.HOT,202111020940,LONG,OPEN,4901.4,2,DT_EnterLong,67.64,68017
CFFEX.IF.HOT,202111021100,LONG,CLOSE,4878.4,2,DT_ExitLong,67.32,68033
CFFEX.IF.HOT,202111041000,LONG,OPEN,4858.4,2,DT_EnterLong,67.05,68117
CFFEX.IF.HOT,202111051425,LONG,CLOSE,4861.8,2,DT_ExitLong,67.09,68200
CFFEX.IF.HOT,202111081340,LONG,OPEN,4869.4,2,DT_EnterLong,67.2,68239
CFFEX.IF.HOT,202111090935,LONG,CLOSE,4860,2,DT_ExitLong,67.07,68256
CFFEX.IF.HOT,202111091030,SHORT,OPEN,4829.8,2,DT_EnterShort,66.65,68267
CFFEX.IF.HOT,202111091410,SHORT,CLOSE,4851.8,2,DT_ExitShort,66.95,68293
CFFEX.IF.HOT,202111100935,SHORT,OPEN,4829.4,2,DT_EnterShort,66.65,68304
CFFEX.IF.HOT,202111101455,SHORT,CLOSE,4809.6,2,DT_ExitShort,66.37,68350
CFFEX.IF.HOT,202111121400,LONG,OPEN,4896.6,2,DT_EnterLong,67.57,68435
CFFEX.IF.HOT,202111151030,LONG,CLOSE,4889.4,2,DT_ExitLong,67.47,68459
CFFEX.IF.HOT,202111151100,LONG,OPEN,4882.8,2,DT_EnterLong,67.38,68465
CFFEX.IF.HOT,202111151105,LONG,CLOSE,4878.4,2,DT_ExitLong,67.32,68466
CFFEX.IF.HOT,202111151115,SHORT,OPEN,4876.8,2,DT_EnterShort,67.3,68468
CFFEX.IF.HOT,202111151420,SHORT,CLOSE,4884.6,2,DT_ExitShort,67.41,68487
CFFEX.IF.HOT,202111161350,SHORT,OPEN,4888.6,2,DT_EnterShort,67.46,68529
CFFEX.IF.HOT,202111190955,SHORT,CLOSE,4859.2,2,DT_ExitShort,67.06,68644
CFFEX.IF.HOT,202111191350,LONG,OPEN,4891,2,DT_EnterLong,67.5,68673
CFFEX.IF.HOT,202111231355,LONG,CLOSE,4900.6,2,DT_ExitLong,67.63,68770
CFFEX.IF.HOT,202111251000,SHORT,OPEN,4899.2,2,DT_EnterShort,67.61,68837
CFFEX.IF.HOT,202111300945,SHORT,CLOSE,4860,2,DT_ExitShort,67.07,68978
CFFEX.IF.HOT,202111300950,LONG,OPEN,4859.6,2,DT_EnterLong,67.06,68979
CFFEX.IF.HOT,202111301050,LONG,CLOSE,4836.8,2,DT_ExitLong,66.75,68991
CFFEX.IF.HOT,202112031105,SHORT,OPEN,4862.8,2,DT_EnterShort,67.11,69138
CFFEX.IF.HOT,202112031130,SHORT,CLOSE,4864.6,2,DT_ExitShort,67.13,69143
CFFEX.IF.HOT,202112061440,SHORT,OPEN,4906.6,2,DT_EnterShort,67.71,69211
CFFEX.IF.HOT,202112071455,SHORT,CLOSE,4920.2,2,DT_ExitShort,67.9,69262
CFFEX.IF.HOT,202112080950,LONG,OPEN,4923.6,2,DT_EnterLong,67.95,69267
CFFEX.IF.HOT,202112101005,LONG,CLOSE,5066.6,2,DT_ExitLong,69.92,69366
CFFEX.IF.HOT,202112130945,LONG,OPEN,5125.8,2,DT_EnterLong,70.74,69410
CFFEX.IF.HOT,202112131430,LONG,CLOSE,5085.6,2,DT_ExitLong,70.18,69449
CFFEX.IF.HOT,202112161410,LONG,OPEN,5019.4,2,DT_EnterLong,69.27,69589
CFFEX.IF.HOT,202112221310,LONG,CLOSE,4917,2,DT_ExitLong,67.85,69769
CFFEX.IF.HOT,202112221315,SHORT,OPEN,4913.8,2,DT_EnterShort,67.81,69770
CFFEX.IF.HOT,202112231405,SHORT,CLOSE,4943,2,DT_ExitShort,68.21,69828
CFFEX.IF.HOT,202112241045,SHORT,OPEN,4926,2,DT_EnterShort,67.98,69854
CFFEX.IF.HOT,202112280950,SHORT,CLOSE,4958.2,2,DT_ExitShort,68.42,69939
CFFEX.IF.HOT,202112281000,LONG,OPEN,4950.4,2,DT_EnterLong,68.32,69941
CFFEX.IF.HOT,202112311425,LONG,CLOSE,4948.4,2,DT_ExitLong,68.29,70120
CFFEX.IF.HOT,202201041405,LONG,OPEN,4929.4,2,DT_EnterLong,68.03,70164
CFFEX.IF.HOT,202201051035,LONG,CLOSE,4890.2,2,DT_ExitLong,67.48,70188
CFFEX.IF.HOT,202201051040,SHORT,OPEN,4902,2,DT_EnterShort,67.65,70189
CFFEX.IF.HOT,202201051110,SHORT,CLOSE,4922.8,2,DT_ExitShort,67.93,70195
CFFEX.IF.HOT,202201051310,SHORT,OPEN,4897.8,2,DT_EnterShort,67.59,70201
CFFEX.IF.HOT,202201101050,SHORT,CLOSE,4848.2,2,DT_ExitShort,66.91,70335
CFFEX.IF.HOT,202201111010,SHORT,OPEN,4829.8,2,DT_EnterShort,66.65,70375
CFFEX.IF.HOT,202201121020,SHORT,CLOSE,4828.2,2,DT_ExitShort,66.63,70425
CFFEX.IF.HOT,202201121025,LONG,OPEN,4830.2,2,DT_EnterLong,66.66,70426
CFFEX.IF.HOT,202201131030,LONG,CLOSE,4830.8,2,DT_ExitLong,66.67,70475
CFFEX.IF.HOT,202201171025,LONG,OPEN,4752.4,2,DT_EnterLong,65.58,70570
CFFEX.IF.HOT,202201241425,LONG,CLOSE,4787.8,2,DT_ExitLong,66.07,70840
CFFEX.IF.HOT,202201241430,SHORT,OPEN,4790.2,2,DT_EnterShort,66.1,70841
CFFEX.IF.HOT,202201261430,SHORT,CLOSE,4720.8,2,DT_ExitShort,65.15,70937
CFFEX.IF.HOT,202201271005,SHORT,OPEN,4695.2,2,DT_EnterShort,64.79,70950
CFFEX.IF.HOT,202202071010,SHORT,CLOSE,4634,2,DT_ExitShort,63.95,71047
CFFEX.IF.HOT,202202071305,LONG,OPEN,4642.2,2,DT_EnterLong,64.06,71064
CFFEX.IF.HOT,202202101110,LONG,CLOSE,4626.8,2,DT_ExitLong,63.85,71203
CFFEX.IF.HOT,202202110940,LONG,OPEN,4627.8,2,DT_EnterLong,63.86,71233
CFFEX.IF.HOT,202202111350,LONG,CLOSE,4615.2,2,DT_ExitLong,63.69,71265
CFFEX.IF.HOT,202202151020,LONG,OPEN,4587.8,2,DT_EnterLong,63.31,71337
CFFEX.IF.HOT,202202161445,LONG,CLOSE,4611.8,2,DT_ExitLong,63.64,71420
CFFEX.IF.HOT,202202171500,SHORT,OPEN,4623.8,2,DT_EnterShort,63.81,71471
CFFEX.IF.HOT,202202181340,SHORT,CLOSE,4631.8,2,DT_ExitShort,63.92,71503
CFFEX.IF.HOT,202202251000,LONG,OPEN,4596,2,DT_EnterLong,63.42,71717
CFFEX.IF.HOT,202202251450,LONG,CLOSE,4573.6,2,DT_ExitLong,63.12,71757
CFFEX.IF.HOT,202203021000,SHORT,OPEN,4574.8,2,DT_EnterShort,63.13,71861
CFFEX.IF.HOT,202203030940,SHORT,CLOSE,4589.8,2,DT_ExitShort,63.34,71905
CFFEX.IF.HOT,202203031035,SHORT,OPEN,4564,2,DT_EnterShort,62.98,71916
CFFEX.IF.HOT,202203100950,SHORT,CLOSE,4296,2,DT_ExitShort,59.28,72147
CFFEX.IF.HOT,202203110940,SHORT,OPEN,4195,2,DT_EnterShort,57.89,72193
CFFEX.IF.HOT,202203111425,SHORT,CLOSE,4291.2,2,DT_ExitShort,59.22,72232
CFFEX.IF.HOT,202203141120,SHORT,OPEN,4203.8,2,DT_EnterShort,58.01,72261
CFFEX.IF.HOT,202203161335,SHORT,CLOSE,4118,2,DT_ExitShort,56.83,72366
CFFEX.IF.HOT,202203211115,SHORT,OPEN,4222,2,DT_EnterShort,58.26,72500
CFFEX.IF.HOT,202203221045,SHORT,CLOSE,4221.2,2,DT_ExitShort,58.25,72542
CFFEX.IF.HOT,202203221435,SHORT,OPEN,4212,2,DT_EnterShort,58.13,72570
CFFEX.IF.HOT,202203231015,SHORT,CLOSE,4234.8,2,DT_ExitShort,58.44,72584
CFFEX.IF.HOT,202203231345,LONG,OPEN,4249.2,2,DT_EnterLong,58.64,72608
